1) 539/29478
2) 69/94
3) 23/2128
4) 338912
5) 2562
6) 189336
7) 94'29/44
8) 477'31/42
9) 103'1658/15645
10) 5874
11) 103415
12) 1541/3002
13) 117
14) 113
15) 4131
16) 100928
17) 17/2408
18) 7560
19) 219'3043/8970
20) 26
21) 103
22) 1198'14/23
23) 6928160
24) 3915
25) 126
26) 54'35/87
27) 143'372/2665
28) 463/1539
29) 108'16/19
30) 349022
31) 9012'20252/41895
32) 2669
33) 1239
34) 96'7/53
35) 492
36) 41
37) 77'1/42
38) 1599/85079
39) 3100
40) 1745'23/27
41) 29/47
42) 98
43) 436'491/2328
44) 2034
45) 122292
46) 3429920
47) 1
48) 74'9/17
49) 2124
50) 7
51) 958647/1197560
52) 115
53) 923
54) 552
55) 90
56) 479/3306
57) 40495/142166
58) 82'283/616
59) 70
60) 70621'5/96
61) 2450
62) 173/304
63) 419823
64) 506
65) 3811
66) 148
67) 7/99
68) 3885
69) 995'45/97
70) 82'242/247
71) 6432
72) 8'23/4845
73) 61
74) 3895
75) 47'283/407
76) 97
77) 69832/71107821
78) 89'2272/2457
79) 79540
80) 30'1551/2252
81) 62/129
82) 89'8/89
83) 2296
84) 1905'72/79
85) 15'48127/78936
86) 304'194/231
87) 27'6264/103565
88) 5'82129/126571
89) 93'20/49
90) 228
91) 9'3/8
92) 101
93) 51'4/55
94) 5516
95) 151
96) 40
97) 2624'53/116
98) 11'35/39
99) 123'887/1558
100) 113
101) 143
102) 101
103) 209'131/220
104) 10
105) 589/901
106) 59
107) 118
108) 629'49/58
109) 181
110) 245'111/700
111) 6541920
112) 3/7
113) 77
114) 103928
115) 49
116) 12972
117) 647
118) 416
119) 93
120) 943'6/35
121) 4590
122) 1/25
123) 17'3/7
124) 10/87
125) 58/675
126) 7150
127) 69849/131840
128) 96
129) 38/87
130) 103
131) 11'1/6
132) 1/7
133) 154
134) 6'85/91
135) 31087/523380
136) 2700
137) 4300
138) 73/134
139) 74
140) 36253/63341
141) 12
142) 102'13/17
143) 33260'1/2
144) 3439'71/82
145) 106'5/23
146) 325
147) 806'955/1534
148) 72
149) 29/30
150) 43'4747/21870
151) 29/1365
152) 86821'126/305
153) 1857/6560
154) 2/6923
155) 28952
156) 37/70
157) 99/2017
158) 567179
159) 2590'3305/3422
160) 6048
161) 1568
162) 7
163) 11/46
164) 55
165) 111'4/5
166) 166
167) 3528
168) 7
169) 120'130846024/188281197
170) 210
171) 211
172) 1352
173) 3544'342/407
174) 16
175) 82
176) 4140
177) 21/59
178) 92
179) 47/76
180) 11
181) 16'19/41
182) 88'3/94
183) 1514'8/47
184) 7802
185) 4554/9995
186) 127'11/29
187) 17/79
188) 190
189) 4944'177/301
190) 64'1255/3204
191) 1121
192) 1800'146/221
193) 213631'1115/2047
194) 2968'79/585
195) 7/11
196) 1730
197) 129563
198) 5024'82/125
199) 4643'14/15
200) 1728'1539/3397
201) 304'80/99
202) 1649
203) 3233
204) 3240
205) 263043'36674/49039
206) 7871'37621/52272
207) 15'59/2208
208) 61'1/4
209) 1118
210) 6/7
211) 233
212) 4664'61/66
213) 40'115/684
214) 183/623
215) 215
216) 63
217) 21/25
218) 24
219) 6253'594/1147
220) 4692
221) 152
222) 71/190
223) 5916
224) 1539
225) 3936
226) 95
227) 74
228) 20'12/13
229) 32/37
230) 8804'8/9
231) 5'1/27
232) 80
233) 92'25/32
234) 12558
235) 31555'25/32
236) 6399/90542
237) 1844
238) 52128900/63829493
239) 7/25
240) 3423
241) 75'1/2
242) 8533
243) 4031550
244) 2901780
245) 521'38/67
246) 2781
247) 51
248) 49991'125/416
249) 7237
250) 5120
251) 1872
252) 8/9
253) 56'503/918
254) 1/380
255) 1359
256) 7696
257) 10010112
258) 2765'43/60
259) 24400
260) 1452
261) 94'28/37
262) 13
263) 134
264) 27/46
265) 53'21/26
266) 71'43/46
267) 28'48/77
268) 437'443/833
269) 4293
270) 2560
271) 14'41/48
272) 989/4132
273) 4
274) 97
275) 75
276) 11/40
277) 173
278) 297
279) 102060
280) 24
281) 73
282) 29/46
283) 165'83/90
284) 6995
285) 35150
286) 187'887/2262
287) 43
288) 3034/8475
289) 152
290) 1/1056
291) 1511
292) 29'79/99
293) 4370
294) 1973'4295/6786
295) 21
296) 2
297) 8633
298) 80
299) 292
300) 50112
301) 28/39
302) 372
303) 4512'5149/8120
304) 5'207500/243443
305) 79
306) 13'59/74
307) 50'55/81
308) 58
309) 105
310) 138'5/8
311) 19/66
312) 576
313) 11/1944
314) 3/80
315) 7557'2259/3713
316) 2375'341/580
317) 3200
318) 4641
319) 66/175
320) 12150
321) 18
322) 135'99/130
323) 48
324) 18'3/4
325) 79
326) 987/6808670
327) 66'4/5
328) 20/21
329) 8772/14953
330) 106
331) 4014
332) 81'68/83
333) 93'83/88
334) 91
335) 1710
336) 1584
337) 11/14
338) 1260
339) 93
340) 3280
341) 1555
342) 280'1/96
343) 215096
344) 5388
345) 1883'307/602
346) 33/49
347) 3
348) 74
349) 75
350) 73'43/55
351) 903333/1412180
352) 936
353) 114
354) 114
355) 201
356) 37'19/26
357) 68'4/9
358) 7/2047
359) 35
360) 72
361) 1692
362) 81
363) 816
364) 95748
365) 326'14/31
366) 6'18/31
367) 73'2/3
368) 7/54
369) 12876
370) 1/285
371) 63'1922633/3854004
372) 1428
373) 10
374) 11'101/161
375) 4264
376) 30'59/146
377) 64
378) 74/12549
379) 803'11/71
380) 17'8/585
381) 32/2079
382) 255
383) 5985
384) 123'1009/2014
385) 9
386) 3044'29/83
387) 715'17/24
388) 4608
389) 19/31
390) 215
391) 4715
392) 69/2080
393) 49/78
394) 7080/20159
395) 85
396) 2432
397) 121'25/78
398) 2691
399) 187
400) 1898
401) 81
402) 504
403) 10137
404) 47'803/3654
405) 181'35353/48306
406) 96896
407) 71'1229/3268
408) 116'6/31
409) 31/63
410) 1325'197/2375
411) 169
412) 1072'3/4
413) 323'1945/2877
414) 115'3/11
415) 4'3/16
416) 8075070
417) 4831
418) 72'12/13
419) 6943
420) 2329/4221
421) 3426'86/195
422) 68'9/37
423) 61
424) 87'89156/170433
425) 64
426) 55
427) 30431'29/161
428) 117
429) 2166
430) 36'4/11
431) 22
432) 1733'55/79
433) 5/2797
434) 91'16/2025
435) 50'37/286
436) 6075
437) 593
438) 320'229/610
439) 3/7
440) 768'3/4
441) 108
442) 258
443) 147
444) 479
445) 20/33
446) 101'33/83
447) 801/55550
448) 11
449) 123
450) 486342'53/56
451) 4485
452) 3440
453) 108
454) 329'25/47
455) 135'3/23
456) 136
457) 44
458) 33
459) 74'65449/189468
460) 29/40
461) 16/3069
462) 67'1040/1071
463) 1'28/465
464) 4275
465) 250
466) 2449'45/59
467) 20'33/70
468) 2'1/12
469) 72/97
470) 47/96
471) 47'1/49
472) 180
473) 88'42/97
474) 1413'6/13
475) 103968
476) 49
477) 66
478) 1/72
479) 95'1040/17751
480) 43725/61081
481) 21
482) 1803
483) 37
484) 1155
485) 58'4/5
486) 109062
487) 147/250
488) 1166'2/35
489) 33
490) 1943
491) 116'1211/1600
492) 320682
493) 83'135/143
494) 4277'7/10
495) 10'1/32
496) 3811
497) 946
498) 63'224/2967
499) 115776
500) 3728
501) 5
502) 7/1817
503) 3591
504) 176
505) 1695
506) 185/896
507) 3661'89/93
508) 23
509) 123368/383211
510) 5130
511) 6504
512) 186'2383/3182
513) 1748
514) 28'872/2457
515) 1827
516) 60'25/34
517) 32
518) 169
519) 23819'821/2201
520) 176
521) 99
522) 5844
523) 87'149/280
524) 217/1000
525) 11/93
526) 67'3/8
527) 95
528) 345
529) 84
530) 1443
531) 66'353774077/359699605
532) 2'511/639
533) 14/43
534) 1/7750
535) 7728
536) 47025/1214297
537) 3'44/61
538) 120
539) 126
540) 697
541) 148
542) 318240
543) 9/364
544) 23/58
545) 142
546) 95/96
547) 2/5
548) 1827
549) 1661'15/37
550) 78
551) 3571
552) 924
553) 1056
554) 981
555) 700
556) 33'7111/44591
557) 2040
558) 98
559) 244
560) 45211'11605/22477
561) 8293
562) 33'152/315
563) 2479'9/25
564) 36'27/89
565) 9725'16/39
566) 28'76/93
567) 43
568) 3186'1/9
569) 536598
570) 31/60
571) 1116
572) 57'53/71
573) 138
574) 15679872
575) 7040
576) 623
577) 239
578) 6190'5231/5841
579) 67
580) 33'69/79
581) 90'1/6
582) 4'2/59
583) 48
584) 59/528
585) 1035
586) 3014
587) 37/3013
588) 24
589) 30'59/79
590) 13870'15/16
591) 3888
592) 7'10/11
593) 4200
594) 1585'1/7
595) 35
596) 1428
597) 214'513115/1207206
598) 75'11/15
599) 81'87827/106764
600) 180
601) 5530
602) 2974'43/45
603) 67'419471/720390
604) 52'8/9
605) 23/975
606) 72'128/225
607) 7'1/179
608) 1/364
609) 2628'18/19
610) 28'128217/203618
611) 8'1/91
612) 94'1131/1591
613) 57
614) 85'32/33
615) 67/96
616) 23'41/57
617) 96'7/30
618) 91'7/17
619) 19
620) 1551
621) 58'2/55
622) 130
623) 10042'316/1387
624) 83'332114569/337842228
625) 6532
626) 43470
627) 25752
628) 58'2/3
629) 2423648
630) 978
631) 1918'45/53
632) 31
633) 5
634) 2'47/55
635) 55
636) 2660
637) 85128'5429/74214
638) 97'76/93
639) 145'5/24
640) 16'31/1287
641) 4912'3799/6348
642) 3727
643) 2940
644) 88
645) 221/1720
646) 4087'546/629
647) 184
648) 1235
649) 14
650) 919'11/16
651) 546
652) 110935'1/8
653) 96
654) 40
655) 1/70
656) 67/95
657) 1599'661/1068
658) 63
659) 19'23/40
660) 156
661) 43435
662) 61'7/13
663) 1349'19/110
664) 343986'999/1694
665) 127'6/41
666) 17/1984
667) 5310
668) 925'5/9
669) 114
670) 104
671) 38
672) 322
673) 4928
674) 3354
675) 77'13/16
676) 1064
677) 2820
678) 34
679) 70520'8/15
680) 30491
681) 17/185
682) 109
683) 8'267/980
684) 1/5
685) 190
686) 14463'9/32
687) 1350
688) 76'39/83
689) 2280
690) 87'36/77
691) 1296/3185
692) 80'1/3
693) 9/16
694) 42'5/224
695) 185/2079
696) 4/115
697) 592
698) 2735
699) 27/31
700) 62605
701) 7/46
702) 1420'4/29
703) 9579'1/46
704) 91'10/837
705) 25
706) 231'31/40
707) 87326
708) 97/148
709) 15'833/1404
710) 119
711) 23'1/1728
712) 19/52
713) 145
714) 180792
715) 229
716) 0
717) 2073
718) 22
719) 776
720) 19'28/2553
721) 2040'30/31
722) 38'1468/8835
723) 516'523/804
724) 1545'1/2
725) 203/396
726) 6264
727) 18600
728) 405342
729) 24'119/1014
730) 174
731) 59/67
732) 796
733) 1643'4/33
734) 123'2/5
735) 3/32
736) 20
737) 2200
738) 129
739) 3657
740) 166'7/97
741) 7620'36/95
742) 102'73/1134
743) 48
744) 177600
745) 38'1/5
746) 147
747) 67
748) 57
749) 45
750) 97
751) 5'383/1435
752) 638/112281
753) 15'47/60
754) 152'29/35
755) 63
756) 8'84/95
757) 109
758) 8372
759) 63030'35/51
760) 158
761) 58
762) 53'1406563/1578789
763) 49'363467/633648
764) 1066'44/61
765) 16'29/56
766) 7118'469/1025
767) 50
768) 141'2/3
769) 23
770) 4047
771) 2779
772) 129
773) 98/143
774) 204750
775) 163
776) 83'5963/23069
777) 0
778) 97'31/83
779) 86'3617/11934
780) 37
781) 13203'2/3
782) 405819
783) 3108
784) 667'941/1316
785) 585/2744
786) 1/7
787) 3050
788) 2581
789) 53/392700
790) 944'217/253
791) 3075
792) 48
793) 565882/1835745
794) 1281'2/11
795) 69'1/205
796) 14
797) 404064
798) 34'56/99
799) 79'37/44
800) 6138
801) 47
802) 262
803) 1500/1751
804) 7091
805) 169'5/9
806) 66348
807) 2680
808) 80960/874147
809) 272136
810) 1287/1337
811) 3011
812) 32/167
813) 13
814) 57'30/31
815) 6630'10/33
816) 563'41/47
817) 1338'20/21
818) 430
819) 16
820) 325/67824
821) 1250
822) 132'10/47
823) 4626'1/5
824) 71
825) 7/132
826) 30
827) 122
828) 179
829) 96
830) 594
831) 120
832) 69
833) 41/2040
834) 50
835) 2072
836) 87'4051/4290
837) 3198
838) 8084
839) 61/98
840) 792
841) 2701/6681
842) 21/1100
843) 837
844) 3848/7569
845) 2272
846) 28'407/434
847) 147
848) 20
849) 576'14/27
850) 60'18/41
851) 1952
852) 51'6029/23265
853) 37'7/72
854) 198
855) 8446
856) 720
857) 197
858) 13824
859) 1125
860) 4153
861) 97920
862) 3191'1023/1976
863) 104'16/39
864) 36
865) 1435
866) 9367'11/155
867) 4374
868) 47000/77717
869) 164
870) 27/82
871) 167
872) 406
873) 10324
874) 5/14
875) 147'616/799
876) 66'489/1411
877) 136
878) 32/45
879) 158'1/7
880) 191
881) 3728
882) 7505/41797
883) 93
884) 13'42305/61198
885) 1474
886) 1881'325/999
887) 2394'2/11
888) 85'95/99
889) 14839/89284
890) 938'7/8
891) 901'181/798
892) 9/40
893) 70'13/63
894) 20078'16564/36603
895) 3'338/437
896) 0
897) 33/2812
898) 65'13/45
899) 207
900) 46/67
901) 384
902) 16/10101
903) 41/49
904) 97814
905) 512
906) 86
907) 1021631/1195404
908) 2460'4/23
909) 91'1271/1602
910) 6356'4/7
911) 2027'11/12
912) 1260
913) 24921
914) 72
915) 4941'1/20
916) 305/512
917) 23/93
918) 511058
919) 137539
920) 864
921) 21
922) 88
923) 3605'19/21
924) 35'53/98
925) 3746'36/79
926) 359'9/10
927) 67'45/86
928) 59
929) 62
930) 54'1/332
931) 15'12/175
932) 191028
933) 7938
934) 121
935) 57
936) 77'1/75
937) 1080'23/41
938) 50054'2/3
939) 3066
940) 1547
941) 26140/50847
942) 7'49/65
943) 104
944) 17108
945) 3395
946) 333994'15893/38125
947) 6486
948) 2520/31961
949) 225
950) 1848
951) 7992'1/2
952) 279
953) 113212
954) 9042
955) 1102
956) 3257'2/5
957) 5281'874/4557
958) 262'1/44
959) 4
960) 2607
961) 696
962) 99
963) 9/77
964) 418/2205
965) 64'8/175
966) 21
967) 48
968) 708'14/43
969) 8'2567/6699
970) 2/5
971) 48
972) 149
973) 8'1/1386
974) 4128
975) 40
976) 9990'81/800
977) 2/95
978) 156'281/312
979) 277144
980) 130'62/97
981) 13'1/9
982) 4680/680101
983) 47/68
984) 208738'19/62
985) 4'2741/3088
986) 34'7/16
987) 205'52/95
988) 1124
989) 114'5/21
990) 884
991) 209
992) 25'80/131
993) 20/31
994) 1926
995) 2376
996) 23303'1418/1833
997) 76
998) 7600
999) 43'252/473
1000) 39'156671/167946
1001) 1137
1002) 28'2779/36954
1003) 141'34/71
1004) 134
1005) 1555
1006) 85
1007) 3354
1008) 4745
1009) 6
1010) 9145
1011) 110
1012) 25'4441/6651
1013) 200'50/71
1014) 45
1015) 2106
1016) 1526
1017) 116
1018) 163/363204
1019) 108783
1020) 3169
1021) 35'2444/10707
1022) 3/1196
1023) 1121
1024) 444
1025) 7/69
1026) 128704/197967
1027) 156
1028) 10656
1029) 4165
1030) 5070
1031) 2419
1032) 864
1033) 87
1034) 3083'118/1729
1035) 61
1036) 57'9/44
1037) 672
1038) 48
1039) 499/551
1040) 488688'24/65
1041) 147
1042) 205400
1043) 2/1419
1044) 122
1045) 53'32/67
1046) 2/221
1047) 1574'3/92
1048) 623/6928
1049) 97
1050) 1520
1051) 20064
1052) 1932
1053) 29/930
1054) 2016
1055) 159
1056) 2294/8811
1057) 1327'13/17
1058) 495'66/85
1059) 10
1060) 46'8/11
1061) 561/2257
1062) 2289'23/36
1063) 37
1064) 140'1/64
1065) 107
1066) 1041
1067) 17/97713
1068) 2660
1069) 116256'424/841
1070) 14352
1071) 4343'7/27
1072) 6'19/36
1073) 31/276
1074) 4408
1075) 53
1076) 1251'156/1955
1077) 588
1078) 775'1/4
1079) 17'131/168
1080) 2437'233/288
1081) 153000
1082) 5'23/47
1083) 305
1084) 111
1085) 115
1086) 1253
1087) 510
1088) 6142
1089) 483084
1090) 10361028'228/299
1091) 72
1092) 15'31/160
1093) 69
1094) 52/5383
1095) 49'7/900
1096) 108'43/112
1097) 125
1098) 849115'415/444
1099) 185
1100) 52
1101) 12896'104/375
1102) 19992
1103) 528
1104) 5/511
1105) 10949472
1106) 61
1107) 140
1108) 25/99
1109) 126'10/11
1110) 35/39
1111) 3066'1721/2064
1112) 1739/3041
1113) 7169'59/99
1114) 8/175
1115) 3717
1116) 348
1117) 2083/287564
1118) 5/71
1119) 3052'757/779
1120) 81'45/47
1121) 28
1122) 10/53
1123) 83'97/162
1124) 8'37/85
1125) 2592'754/1785
1126) 351
1127) 3933
1128) 16240
1129) 66
1130) 5561
1131) 160
1132) 3/17
1133) 2883
1134) 6160/15903
1135) 2667639/10348160
1136) 1'29/165
1137) 512/765
1138) 320
1139) 74
1140) 13'67/825
1141) 1657'13/41
1142) 2548'76/77
1143) 5680
1144) 42'38675/856152
1145) 3229'13/29
1146) 3704'1748/8085
1147) 185250
1148) 3'26/83
1149) 11'1/11
1150) 23'7/136
1151) 32'17/28
1152) 5771
1153) 778'2/5
1154) 5400
1155) 9'3/17
1156) 897
1157) 1323'153/209
1158) 1400
1159) 10
1160) 82'25/42
1161) 165/946526
1162) 4/9
1163) 8121'363372/1129051
1164) 17/43890
1165) 882
1166) 9638
1167) 42
1168) 30
1169) 3267'75/82
1170) 99
1171) 106
1172) 183'635/8673
1173) 677/819
1174) 6467/446220
1175) 89/154
1176) 96
1177) 675
1178) 230/779
1179) 657'13/19
1180) 30
1181) 60'59/630
1182) 142
1183) 13272
1184) 29/618640
1185) 12410
1186) 26034'23/28
1187) 86'11573/17430
1188) 375
1189) 1449
1190) 1848
1191) 52'1/8
1192) 2372'5233/7719
1193) 3014'1/3
1194) 99
1195) 200
1196) 3591/5192135
1197) 3805
1198) 9'3/7
1199) 1021'56/73
1200) 86
1201) 12'5/319
1202) 104
1203) 419469/639764
1204) 69
1205) 25/32
1206) 9'43/104
1207) 11100
1208) 69
1209) 5'307/414
1210) 13'83/106
1211) 119'1/96
1212) 7
1213) 168'69/77
1214) 5158'1627/1890
1215) 145'3814/4233
1216) 117
1217) 884603/7581210
1218) 1749
1219) 2912'469/493
1220) 15/97
1221) 19991'157/1159
1222) 18546432
1223) 53'1811/2522
1224) 2085'1/3
1225) 459
1226) 300
1227) 144'39/47
1228) 41/71
1229) 29
1230) 5420'16/27
1231) 5415
1232) 39
1233) 687'60/67
1234) 127'59/66
1235) 1860043/24592128
1236) 109'1/2
1237) 281'1742666/3826809
1238) 321'7/30
1239) 6080'52/83
1240) 71'41/65
1241) 386152
1242) 1250
1243) 65
1244) 4345
1245) 70785
1246) 154
1247) 2
1248) 93240
1249) 7398'72/73
1250) 55'36/71
1251) 90804
1252) 172
1253) 1490'23/65
1254) 15/32
1255) 2820
1256) 2809
1257) 141
1258) 37/3198
1259) 3780/3920761
1260) 13/38775
1261) 73'61/77
1262) 7695
1263) 9579
1264) 8/39
1265) 9/44
1266) 27
1267) 38/585
1268) 854
1269) 132
1270) 163
1271) 104
1272) 1421/48335859
1273) 3420
1274) 95
1275) 2942'59/65
1276) 9
1277) 5285'367/754
1278) 237'239/348
1279) 39/50
1280) 100
1281) 68
1282) 196'1459/1998
1283) 21440
1284) 70/14617
1285) 87
1286) 65'5/17
1287) 1368
1288) 65353'13/395
1289) 106'35/54
1290) 1411
1291) 3449600
1292) 193284
1293) 73/3425
1294) 1077
1295) 155'14/95
1296) 144324
1297) 2782'1/2
1298) 2261
1299) 5/776
1300) 35'831/1196
1301) 608
1302) 116372/1159325
1303) 92
1304) 4544
1305) 21'37/96
1306) 132
1307) 4064'59/63
1308) 1678
1309) 110880
1310) 156349'11/25
1311) 148'1/6
1312) 23'971/999
1313) 115
1314) 41'114/193
1315) 5040'250/1271
1316) 147'1131/1909
1317) 211
1318) 180
1319) 70'3/47386
1320) 201'6770/32277
1321) 201
1322) 744
1323) 1905
1324) 24
1325) 103
1326) 78'8089/29546
1327) 11'22/23
1328) 59
1329) 134
1330) 1950
1331) 6'10/17
1332) 364408
1333) 44
1334) 42
1335) 8
1336) 3078'122/665
1337) 9459'531/931
1338) 503'5/9
1339) 33251/60480
1340) 10266
1341) 927'23/343
1342) 98'5/1587
1343) 4351'149/1173
1344) 109650
1345) 233692
1346) 101
1347) 426
1348) 82'16/53
1349) 589/64369
1350) 92/1020915
1351) 296
1352) 3888
1353) 168
1354) 35
1355) 113
1356) 53/9882
1357) 53'67/88
1358) 255529/119337180
1359) 106'125/198
1360) 4865
1361) 13/33
1362) 140
1363) 128
1364) 1080
1365) 2908'213/280
1366) 181
1367) 1243
1368) 3655'41423/47558
1369) 104'5/7
1370) 24804
1371) 128'91/122
1372) 47/56700
1373) 1440
1374) 144'1143899/3014154
1375) 8383
1376) 75/94
1377) 130
1378) 164'2014/5307
1379) 1921
1380) 12121/21014
1381) 26'2/195
1382) 4532472
1383) 4275
1384) 127'14/171
1385) 4263
1386) 30960
1387) 119'3/7
1388) 770
1389) 49/142
1390) 485280'1/29
1391) 124'5/7
1392) 3995'181/425
1393) 217638'45/68
1394) 27
1395) 135'713/1638
1396) 1960
1397) 157
1398) 6890
1399) 159
1400) 3504'4003/5632
1401) 13/72
1402) 4250'64/99
1403) 6030
1404) 63'57/77
1405) 10'32/63
1406) 111
1407) 77'80/87
1408) 988'48084/120787
1409) 15/188
1410) 11761617/1413043088
1411) 23'23/42
1412) 128
1413) 2714
1414) 32'88405/103544
1415) 114
1416) 6426
1417) 81
1418) 163
1419) 3618
1420) 161'93/97
1421) 27'28/61
1422) 7/37
1423) 547
1424) 5
1425) 77
1426) 6730/540891
1427) 125
1428) 2210'1411/4697
1429) 61/130
1430) 9/28
1431) 10'56273/67014
1432) 105
1433) 73/4466
1434) 680
1435) 122
1436) 120
1437) 3236'41/78
1438) 1655'3/4
1439) 11/30
1440) 3404
1441) 14/59
1442) 37/5929
1443) 159'199/783
1444) 36'1/73
1445) 27'43/97
1446) 83'12/47
1447) 298'221/231
1448) 7485
1449) 1552'3/8
1450) 731/844
1451) 62/87
1452) 16/445
1453) 4023/6862
1454) 2479
1455) 105/391
1456) 1/195
1457) 5710'655/1357
1458) 30186/87667
1459) 30753/32513
1460) 18
1461) 13/43
1462) 78/89
1463) 1079/1687
1464) 11205
1465) 146
1466) 44
1467) 201/988
1468) 17'19/23
1469) 1982
1470) 45'2/7
1471) 52025/3263274
1472) 376050/11965849
1473) 7120
1474) 40'17/96
1475) 222
1476) 450441
1477) 195
1478) 480
1479) 166
1480) 90'26/61
1481) 3724
1482) 8943
1483) 1824/5021
1484) 184
1485) 58
1486) 528
1487) 119
1488) 1380
1489) 129'73/86
1490) 512
1491) 747'11/87
1492) 5'1/14
1493) 1241'2/3
1494) 25/44
1495) 8700
1496) 1/2
1497) 129
1498) 39'11/12
1499) 2382'471/496
1500) 139
1501) 70
1502) 52/57
1503) 5/89
1504) 98'2/21
1505) 979
1506) 5256
1507) 7/684
1508) 92'2354/4263
1509) 940
1510) 1/56
1511) 6862
1512) 85'12/47
1513) 1/3
1514) 5446
1515) 47/54
1516) 1388520
1517) 226'632/1037
1518) 37
1519) 145'1/2
1520) 175'1/37
1521) 15568
1522) 317/2149
1523) 200
1524) 227
1525) 4/34713
1526) 208
1527) 2480
1528) 61'5063/8289
1529) 840
1530) 63
1531) 49
1532) 3392
1533) 10/17
1534) 8'1942/3367
1535) 756
1536) 197'4561/27676
1537) 118'601/722
1538) 31'49/83
1539) 2268
1540) 7'2083/11664
1541) 9
1542) 65208
1543) 6075
1544) 91
1545) 205
1546) 2321'7/23
1547) 2585'21/43
1548) 49
1549) 10059/44650
1550) 1950
1551) 110
1552) 2905
1553) 28/97
1554) 29/1470
1555) 26'10/11
1556) 74/6399
1557) 640/1059
1558) 121
1559) 169830/1602679
1560) 8035
1561) 765
1562) 2/9
1563) 169
1564) 20'29/41
1565) 2/11
1566) 855'17/30
1567) 95
1568) 2729/3652
1569) 3580'2482/6141
1570) 71
1571) 1387'37/40
1572) 68'9/17
1573) 20
1574) 6150
1575) 1'1/11
1576) 5544
1577) 120
1578) 23
1579) 4173
1580) 60'21/52
1581) 137170/346037
1582) 41'43415/855049
1583) 452'5231/22344
1584) 32
1585) 55
1586) 208568
1587) 277/1170
1588) 2295
1589) 4275
1590) 73/208
1591) 29/3311
1592) 131'3/5
1593) 5924'1/5
1594) 39/67
1595) 700
1596) 18
1597) 224'2/81
1598) 5858'6/13
1599) 1216
1600) 108
1601) 54/4399
1602) 336
1603) 1924
1604) 4806
1605) 38
1606) 89'2574/925225
1607) 1752
1608) 38
1609) 97'2023/7134
1610) 1534
1611) 44/1961
1612) 618'7/52
1613) 4342'115/243
1614) 1/9
1615) 24480
1616) 69'460/711
1617) 703/1190
1618) 1'11/31
1619) 95
1620) 1452
1621) 301'1/15
1622) 25
1623) 47684
1624) 5/7
1625) 7'16/35
1626) 7/10
1627) 105'3/4
1628) 5325
1629) 66
1630) 3458
1631) 40
1632) 1680
1633) 4507
1634) 146
1635) 84
1636) 482800
1637) 825/2767
1638) 52
1639) 5/16
1640) 30'88/329
1641) 61/94
1642) 3806
1643) 41/576
1644) 5490
1645) 19142'64/89
1646) 537795'249/575
1647) 25480
1648) 43'27/29
1649) 361
1650) 6534
1651) 49
1652) 1186
1653) 3230
1654) 16'661/989
1655) 1'2687/4526
1656) 28'211442/375565
1657) 23
1658) 7239
1659) 1/15
1660) 27
1661) 18'21/22
1662) 2380
1663) 7/8
1664) 109
1665) 47/1560
1666) 33
1667) 66'21/23
1668) 174
1669) 77
1670) 166'435/658
1671) 244'11/19
1672) 82'305/1974
1673) 25'3683/20020
1674) 13
1675) 4004
1676) 77075/168909
1677) 1674
1678) 1/6
1679) 61/95
1680) 2295'1/5
1681) 64'4/11
1682) 1680'27/550
1683) 576
1684) 45/7553
1685) 49'615/1159
1686) 157'3/11
1687) 36
1688) 36/49
1689) 147
1690) 12300/13021
1691) 235
1692) 11
1693) 74/99
1694) 1993'3/5
1695) 5096
1696) 43993'1775/2604
1697) 9/170
1698) 59'1334/3147
1699) 13744
1700) 89'1/18
1701) 773'365/399
1702) 1392
1703) 1612
1704) 5'23/24
1705) 114
1706) 9/176
1707) 947'6546/11431
1708) 7
1709) 36/53
1710) 75544/360951
1711) 16
1712) 576/637
1713) 2725'1/4
1714) 29/1890
1715) 77
1716) 71610
1717) 3371/392312
1718) 56420
1719) 185'1/3
1720) 25'2609/5518
1721) 1647
1722) 42
1723) 29579724/256382555
1724) 29
1725) 917
1726) 3267
1727) 3/73
1728) 159
1729) 113
1730) 97213
1731) 58'11/29
1732) 1948
1733) 57
1734) 16
1735) 1330'278/715
1736) 51'59/68
1737) 204
1738) 6025
1739) 120524
1740) 30
1741) 39
1742) 98'2/7
1743) 2976
1744) 1075'8/1065
1745) 51
1746) 1007/1421
1747) 433'17/31
1748) 28'4368/5777
1749) 290
1750) 3053
1751) 29/3390
1752) 114009
1753) 0
1754) 4'1224/1333
1755) 66
1756) 76
1757) 2093
1758) 400
1759) 189
1760) 6253/375441
1761) 3747
1762) 10'72/89
1763) 29'10/23
1764) 35/67
1765) 2983
1766) 3344
1767) 48
1768) 10335
1769) 42'34/73
1770) 459198/4533425
1771) 30603/999050
1772) 58'995/1376
1773) 6'2634/4411
1774) 91'11/13
1775) 3699/44498
1776) 3446'58/75
1777) 20196
1778) 119
1779) 152017'8359/15640
1780) 121'64/91
1781) 192
1782) 291
1783) 1023
1784) 4750
1785) 838'3973/36704
1786) 4254'6/79
1787) 96'23/99
1788) 249/1144
1789) 2430
1790) 151
1791) 832
1792) 57
1793) 100
1794) 21
1795) 165
1796) 1078'22/31
1797) 87
1798) 75
1799) 553'97/192
1800) 348348
1801) 2/897
1802) 1'38239/81276
1803) 17'2/47
1804) 77
1805) 1513/1550
1806) 2772'7/19
1807) 203
1808) 4662
1809) 10
1810) 196
1811) 76'5/9
1812) 2790
1813) 1887
1814) 27'1/408
1815) 152
1816) 37
1817) 55/72
1818) 193
1819) 111
1820) 105
1821) 1056
1822) 41'4/11
1823) 1107/2380
1824) 50
1825) 3936
1826) 4014'985/4512
1827) 97
1828) 1890
1829) 9641/18185088
1830) 2209
1831) 1104
1832) 4/37
1833) 6/11
1834) 1551'7/17
1835) 33/2450
1836) 5461'8/13
1837) 234'2/3
1838) 107
1839) 90
1840) 36
1841) 2
1842) 142
1843) 54'1321/2813
1844) 7004
1845) 16/91
1846) 3
1847) 139'13/33
1848) 57
1849) 67/566480
1850) 6346560/13323151
1851) 676
1852) 334'22/39
1853) 6936'53795/91377
1854) 803'3/70
1855) 1876
1856) 362'20/237
1857) 61'166/175
1858) 1058
1859) 2550
1860) 71'7/68
1861) 100
1862) 12
1863) 5/31464
1864) 116'1/3
1865) 328174
1866) 91'5/62
1867) 4658'5/8
1868) 142
1869) 1'47/76
1870) 4/7
1871) 332388
1872) 2253
1873) 53/568
1874) 1508
1875) 69
1876) 222
1877) 1536'1/12
1878) 96'52/99
1879) 1542
1880) 1'13/690
1881) 3808469'223/285
1882) 819/982
1883) 40320
1884) 169'18/23
1885) 31/970
1886) 146608
1887) 52
1888) 11'9/10
1889) 116'1/5
1890) 151'2/13
1891) 106'37/94
1892) 19/216
1893) 33
1894) 163'810/5081
1895) 1093'931/1020
1896) 300
1897) 2226'105/976
1898) 666
1899) 1060
1900) 99/116
1901) 115
1902) 10
1903) 491'3/74
1904) 431'19/91
1905) 243/256
1906) 23479
1907) 72
1908) 154
1909) 7374'9/11
1910) 91'91/96
1911) 207
1912) 7'3/154
1913) 108'42/325
1914) 3367
1915) 7714'841/980
1916) 5607
1917) 137479'31151/110126
1918) 100
1919) 11'17/21
1920) 65/77
1921) 63/97
1922) 5826
1923) 102'4/5
1924) 17184
1925) 2175
1926) 136'65/72
1927) 822
1928) 4185/65063
1929) 166
1930) 1709'5/11
1931) 151200
1932) 2859
1933) 31'27/34
1934) 7128
1935) 114'109/330
1936) 274
1937) 83'507/1900
1938) 1194
1939) 68'1/4
1940) 1218
1941) 70'8/23
1942) 83
1943) 528
1944) 509971
1945) 94'21/95
1946) 41/83
1947) 2590
1948) 1930'20/73
1949) 231
1950) 553
1951) 27/128
1952) 83
1953) 8232'5/27
1954) 139'17/29
1955) 957
1956) 2539
1957) 155
1958) 7013
1959) 37
1960) 69'70/83
1961) 348
1962) 102
1963) 95/378972
1964) 161600
1965) 22
1966) 252
1967) 57/218
1968) 5514
1969) 156'5/14
1970) 110180
1971) 21'43/87
1972) 97'16/27
1973) 2887
1974) 71'143521/347085
1975) 90'2/3
1976) 66
1977) 85'16/189
1978) 90'33/53
1979) 133'9/11
1980) 3885
1981) 4526
1982) 107880
1983) 50
1984) 130'7/23
1985) 25'93/100
1986) 25779'436/855
1987) 167'21/64
1988) 552
1989) 2508
1990) 23'15/961
1991) 12
1992) 1462
1993) 72426'3831/6640
1994) 1821
1995) 25/26
1996) 40
1997) 4
1998) 2790
1999) 34'1026/1421
2000) 8/19
2001) 40
2002) 40
2003) 154/289
2004) 736
2005) 206600'1/28
2006) 5379
2007) 81
2008) 290
2009) 85875/178118
2010) 1830
2011) 3943
2012) 3476
2013) 9744
2014) 395/10682
2015) 4489'8/15
2016) 2520
2017) 5464
2018) 1139
2019) 53/75
2020) 246
2021) 17170/110181
2022) 110
2023) 2/31
2024) 257951
2025) 3647'1/3
2026) 228'3/91
2027) 2340'13/16
2028) 5500
2029) 83800
2030) 58'42/53
2031) 187
2032) 136
2033) 2/93
2034) 259977
2035) 15
2036) 1/3528
2037) 23
2038) 3275'17/203
2039) 37
2040) 3871/257032
2041) 233'151363/385671
2042) 26
2043) 168
2044) 120
2045) 5733
2046) 295528
2047) 21'15/37
2048) 95
2049) 2016
2050) 14
2051) 830'4/13
2052) 1575
2053) 2058
2054) 4760
2055) 11'73/4674
2056) 115
2057) 347'37/49
2058) 84'46186/66621
2059) 1408
2060) 98'14863/31790
2061) 84'1/435
2062) 125'281/380
2063) 467/1095
2064) 1313
2065) 56
2066) 8
2067) 168
2068) 4'1/5
2069) 2195'1559/4769
2070) 1794
2071) 45
2072) 100320
2073) 26'9/38
2074) 458595
2075) 5
2076) 47
2077) 1369
2078) 26
2079) 57
2080) 6739'37/71
2081) 72479
2082) 151578
2083) 143'16/53
2084) 2242'179/183
2085) 48
2086) 16
2087) 28
2088) 594
2089) 14/517
2090) 96'8/225
2091) 6'313/1414
2092) 22'17427/71876
2093) 264864
2094) 179
2095) 10328640
2096) 2292'6/47
2097) 365560
2098) 163
2099) 25/3842
2100) 203
2101) 2956
2102) 87
2103) 63'15/79
2104) 175
2105) 115
2106) 10835887'509/592
2107) 764
2108) 82'4/33
2109) 9512
2110) 215824
2111) 555'183/245
2112) 703'4/5
2113) 441225
2114) 2587'15/1309
2115) 37'13/41
2116) 2046
2117) 69/4777
2118) 86'1213/1254
2119) 18
2120) 196
2121) 124806
2122) 44
2123) 396/3583
2124) 181'7/41
2125) 8039
2126) 6492500
2127) 382620/676769
2128) 49/85
2129) 5720
2130) 78
2131) 6270
2132) 380
2133) 135'3/26
2134) 6364
2135) 5183
2136) 313'3079/3441
2137) 742
2138) 19/74
2139) 59/1152
2140) 73
2141) 937
2142) 6352606'22/27
2143) 8180'101/208
2144) 96'4/7
2145) 5695
2146) 37'10/59
2147) 547
2148) 77
2149) 18
2150) 123
2151) 2846'2/17
2152) 7938
2153) 11/29
2154) 151
2155) 5246
2156) 34
2157) 57'41/104
2158) 19'31/51
2159) 3216
2160) 1227
2161) 164'219793/342120
2162) 26/99
2163) 31293
2164) 1'19/53
2165) 1971
2166) 65'6137/6882
2167) 475278
2168) 3393
2169) 77
2170) 2441'461/2628
2171) 4691
2172) 180'16/55
2173) 1924
2174) 5/3456
2175) 136
2176) 260
2177) 31
2178) 14063/111861000
2179) 53'25/27
2180) 39'15/91
2181) 3060
2182) 105
2183) 67'32/43
2184) 17'41/71
2185) 3253'1723/2010
2186) 2040'3296/5525
2187) 215
2188) 514
2189) 50
2190) 24'11/52
2191) 7/2944
2192) 1190
2193) 96390
2194) 223095
2195) 62'2540/11849
2196) 113
2197) 45'19/39
2198) 40'57/68
2199) 29/165
2200) 0
2201) 14'18/19
2202) 75
2203) 221
2204) 5638'506/855
2205) 4992
2206) 55'1521/1568
2207) 65
2208) 2958
2209) 1470
2210) 2108'67/88
2211) 106'503/2418
2212) 984
2213) 1053'8553/21340
2214) 996
2215) 103
2216) 4
2217) 3330
2218) 35/57
2219) 3102
2220) 730296
2221) 3864
2222) 13064'139/240
2223) 55
2224) 5/16
2225) 6072
2226) 2430
2227) 5'2/9
2228) 172
2229) 15170/24063
2230) 436'2/61
2231) 52
2232) 181
2233) 79
2234) 32625
2235) 23/33660
2236) 6736
2237) 25714
2238) 213
2239) 812
2240) 1954
2241) 28'444/575
2242) 7140000
2243) 7502'35/43
2244) 16'19/82
2245) 23
2246) 95
2247) 176
2248) 3185
2249) 5247'1/65
2250) 9486'32/43
2251) 97'17/70
2252) 31'61/72
2253) 8196'3/4
2254) 65
2255) 2829
2256) 7120
2257) 106
2258) 21'326/341
2259) 74/95
2260) 2494'1/13
2261) 4'357/760
2262) 55'7/15
2263) 122'1/2
2264) 2'50/71
2265) 171'430/2263
2266) 31
2267) 4818
2268) 4550
2269) 284862'24/25
2270) 3753
2271) 2046'47/77
2272) 120'409/705
2273) 1047
2274) 93'365/1264
2275) 103'7/10
2276) 214
2277) 129920
2278) 32769/74347
2279) 17'6/49
2280) 176'705/952
2281) 83'21/37
2282) 3762
2283) 41958'535/609
2284) 1/144
2285) 527/4928
2286) 6804
2287) 2679/9845
2288) 3'6869/45657
2289) 9
2290) 187738
2291) 3306
2292) 29
2293) 62
2294) 151
2295) 1/123
2296) 15962
2297) 504'479/490
2298) 1/912
2299) 248458'2873/3360
2300) 54
2301) 42'80/87
2302) 2522
2303) 145
2304) 76
2305) 7747
2306) 114'27/37
2307) 607
2308) 9218'8538/12095
2309) 272'31/76
2310) 13904/55995
2311) 87
2312) 3960
2313) 74880
2314) 15'1/192
2315) 1340
2316) 46/103
2317) 82
2318) 2880
2319) 110'35/39
2320) 37
2321) 57476'53/95
2322) 97'9/35
2323) 1568
2324) 5148
2325) 3/5
2326) 7391
2327) 6'448/603
2328) 44206
2329) 107
2330) 17/27
2331) 7/176
2332) 4956
2333) 167
2334) 5
2335) 16
2336) 8947/12495
2337) 138'10/19
2338) 42'17/58
2339) 114
2340) 1953
2341) 7/201
2342) 69'1737/4900
2343) 102'20/23
2344) 1122'17/73
2345) 7004
2346) 7553920
2347) 109
2348) 2692'1/2
2349) 2251/4560
2350) 57
2351) 135
2352) 5'10309/51255
2353) 96795'753/925
2354) 2023'9/14
2355) 189
2356) 119
2357) 3175'31/67
2358) 9/2660
2359) 7/32
2360) 45'50/4771
2361) 1289
2362) 170
2363) 170544
2364) 147
2365) 104
2366) 3526
2367) 81'4/9
2368) 20038304/1244344295
2369) 3363
2370) 64/113
2371) 114
2372) 1284
2373) 111
2374) 9/95
2375) 2952
2376) 42
2377) 71'2/5
2378) 7/9
2379) 3/70
2380) 7110
2381) 19'67/70
2382) 98
2383) 96
2384) 66'2/5
2385) 12
2386) 19/43
2387) 432
2388) 449
2389) 1026'41/54
2390) 91'1/3
2391) 353976
2392) 73
2393) 25/62
2394) 68
2395) 356983
2396) 90'597/1045
2397) 57
2398) 4012'84/97
2399) 828
2400) 4428
2401) 1'25/41
2402) 112075'643/2100
2403) 20732
2404) 2813/40065792
2405) 1536'3/13
2406) 19/20
2407) 24297
2408) 2756
2409) 21'51787/58938
2410) 640
2411) 12672
2412) 59'1/13
2413) 27'7/24
2414) 98'61/79
2415) 6016
2416) 7440
2417) 36
2418) 119
2419) 950
2420) 56628
2421) 116
2422) 88
2423) 19740
2424) 241
2425) 300
2426) 70
2427) 5250
2428) 24
2429) 115'26/79
2430) 4828
2431) 9'2096/5511
2432) 1625
2433) 3'6299/6365
2434) 1138
2435) 40'6091/6700
2436) 2056
2437) 158'1/7
2438) 3956
2439) 578'2/3
2440) 2794
2441) 324
2442) 9'36/43
2443) 672
2444) 1/2
2445) 73/98
2446) 8064
2447) 71
2448) 19'18/943
2449) 1217'17/48
2450) 65
2451) 3883
2452) 2944
2453) 13211/422212
2454) 163'3116/3807
2455) 2165'1/23
2456) 120
2457) 265/273
2458) 173
2459) 3363
2460) 193'10/213
2461) 136
2462) 20/61
2463) 1344
2464) 66
2465) 3330
2466) 363948'4/5
2467) 20664
2468) 96
2469) 7569'37/80
2470) 72
2471) 58
2472) 154'17/115
2473) 149'445/594
2474) 11/84
2475) 33
2476) 2559
2477) 160'9/88
2478) 3229'5/39
2479) 64'26/49
2480) 2301
2481) 9792'3232/3741
2482) 2250
2483) 13/285
2484) 805/43758
2485) 2383'8/79
2486) 30
2487) 60
2488) 88/97
2489) 3800'162/1975
2490) 250
2491) 81'9/23
2492) 2288
2493) 151200
2494) 78
2495) 65'4/9
2496) 2160
2497) 144
2498) 85'10681/56550
2499) 86
2500) 111573
2501) 196/895
2502) 726
2503) 291324/307349
2504) 44'44/75
2505) 2803'128/141
2506) 248'44/47
2507) 8
2508) 2444'3319/3325
2509) 29'25/37
2510) 310343
2511) 1224
2512) 46
2513) 109664
2514) 113
2515) 33
2516) 136
2517) 3268
2518) 3982
2519) 6560'3/5
2520) 4179'1/30
2521) 3837'13/15
2522) 56'6/11
2523) 80
2524) 1888889'47/57
2525) 3420'26/41
2526) 16'1393/2220
2527) 4950
2528) 2088
2529) 16'2/3
2530) 34'15/49
2531) 197894'1466/1521
2532) 107
2533) 90
2534) 76
2535) 7'8/9
2536) 344
2537) 73
2538) 1/1955
2539) 93741
2540) 596'62/83
2541) 133
2542) 329
2543) 15/58
2544) 103
2545) 6764
2546) 5734
2547) 41'8/45
2548) 5694'16/37
2549) 47'1/25
2550) 2'38/65
2551) 2124'9/19
2552) 44'25/52
2553) 1584'10/71
2554) 153'5/11
2555) 137/2325
2556) 171
2557) 166886'89/420
2558) 43/69
2559) 31/37
2560) 13'3/17
2561) 53
2562) 19'28/39
2563) 0
2564) 171072
2565) 59'1/13
2566) 369576
2567) 2367'11/48
2568) 5763
2569) 31680
2570) 1239
2571) 2996
2572) 5612
2573) 109
2574) 36/37
2575) 130
2576) 18/3773
2577) 173
2578) 191
2579) 238
2580) 3032
2581) 175
2582) 9/1007
2583) 29008/1424791
2584) 6024'13/56
2585) 102'170584/256025
2586) 11/39
2587) 1760
2588) 113295
2589) 127'2/5
2590) 1784
2591) 16'1/55
2592) 451704/464737
2593) 3432'48/83
2594) 19/22
2595) 15
2596) 123768
2597) 166
2598) 2089'991/1430
2599) 229908
2600) 41'43/70
2601) 142
2602) 955/1296
2603) 6/7
2604) 34727'199/319
2605) 3/13
2606) 85635/8983114
2607) 62/89
2608) 335699/1909515
2609) 9
2610) 5064'105/4234
2611) 2128
2612) 224
2613) 232'6/29
2614) 99
2615) 3264
2616) 37'40/61
2617) 21402/211225
2618) 5/12
2619) 1474
2620) 199'101/142
2621) 2780'17/28
2622) 141
2623) 6538'1154/1917
2624) 118
2625) 9/121
2626) 190440
2627) 46
2628) 13/378
2629) 172
2630) 1902
2631) 72
2632) 1'10663/107730
2633) 111
2634) 12
2635) 23/948
2636) 72'45/59
2637) 8514
2638) 37/64
2639) 1029/1408
2640) 20
2641) 155
2642) 50'20/21
2643) 1017
2644) 23'147/296
2645) 3298
2646) 6012'11474/32319
2647) 1905/227162
2648) 2317
2649) 1283'7/27
2650) 104920
2651) 2640
2652) 116
2653) 286/679
2654) 50'20/29
2655) 182'8/19
2656) 2664
2657) 62
2658) 6120
2659) 682'131/637
2660) 122
2661) 7'1/7
2662) 40/53
2663) 2790141/3641092
2664) 38'48/67
2665) 74
2666) 31368
2667) 61
2668) 7989'7/12
2669) 69
2670) 496
2671) 73
2672) 6328'41/64
2673) 76626
2674) 1068300'48/89
2675) 1898
2676) 130
2677) 89
2678) 2078'37/784
2679) 92'4088/13653
2680) 51'5/21
2681) 150
2682) 14/17
2683) 3589'73/93
2684) 0
2685) 4/53
2686) 126585
2687) 73/2875
2688) 38
2689) 7600
2690) 89
2691) 9/17
2692) 77
2693) 112500
2694) 331796'5/9
2695) 7/10
2696) 1400
2697) 141
2698) 61'8/45
2699) 42/47
2700) 46'2953598/3853789
2701) 808
2702) 60588
2703) 29716
2704) 295488
2705) 3574'734/1343
2706) 8
2707) 154
2708) 1/12
2709) 284'2103383/3142650
2710) 53'1/16
2711) 13/1488
2712) 4195
2713) 25
2714) 16'65/76
2715) 1'383/780
2716) 20/609
2717) 792'31/38
2718) 1436'20/23
2719) 240240
2720) 74115
2721) 6677'11/17
2722) 18
2723) 3250
2724) 2016
2725) 7154
2726) 983
2727) 1249'15/79
2728) 6975
2729) 3351/5984
2730) 63
2731) 107
2732) 98'51/5795
2733) 20/897
2734) 7796
2735) 172'47/100
2736) 4743/7247
2737) 24882
2738) 6295/6468
2739) 127'21/31
2740) 17'8365/12088
2741) 97'15/19
2742) 68'2185/2548
2743) 4056
2744) 2992
2745) 11/36
2746) 31
2747) 7344
2748) 94
2749) 28/33
2750) 55/301
2751) 256
2752) 44928
2753) 119
2754) 5255'11527/19599
2755) 95
2756) 2'19/90
2757) 34995'995/1824
2758) 4945'4/11
2759) 26
2760) 91
2761) 3137
2762) 1580
2763) 2114
2764) 69/155
2765) 7/62
2766) 2991'87/130
2767) 150
2768) 136
2769) 112
2770) 12410
2771) 864
2772) 106
2773) 57750
2774) 45221/49075
2775) 160
2776) 78
2777) 3430
2778) 153799/3541825
2779) 142'11/408
2780) 18
2781) 873
2782) 75'8/21
2783) 124
2784) 16359/277033
2785) 28'60/71
2786) 6860
2787) 10/6111
2788) 38/43
2789) 2336/3683
2790) 6305/491526
2791) 80507
2792) 162'61/72
2793) 190'38/67
2794) 21417'11/37
2795) 689
2796) 146
2797) 2111
2798) 136/203
2799) 61'1913/1914
2800) 79'1/6
2801) 92'13/22
2802) 1'17/18
2803) 7408'1/2
2804) 968
2805) 60840
2806) 24'29/1207
2807) 29/36
2808) 600
2809) 5
2810) 386'122/351
2811) 117009'53/207
2812) 120'41/644
2813) 151
2814) 4650'31/91
2815) 103488
2816) 114
2817) 1224'3/5
2818) 92
2819) 542'18/49
2820) 40
2821) 1'4/3395
2822) 5/63
2823) 63
2824) 23040
2825) 36'10587/36944
2826) 155
2827) 837
2828) 658
2829) 323
2830) 17952
2831) 69/173
2832) 136'4/25
2833) 11011
2834) 162
2835) 16683/23732
2836) 760
2837) 50
2838) 4095
2839) 99800
2840) 1268'3313/14145
2841) 723/1120
2842) 31'2/53
2843) 3434'3/29
2844) 610/1989
2845) 8757952'131/232
2846) 5/1674
2847) 2027'15709/19129
2848) 88/89
2849) 9
2850) 3963'5/33
2851) 94'1/63
2852) 1/127
2853) 18'14/27
2854) 78
2855) 96
2856) 44'59/65
2857) 765
2858) 1097'43/205
2859) 28/1131
2860) 3845'101/2640
2861) 42'11/25
2862) 70
2863) 208'1681/1775
2864) 38/61
2865) 148
2866) 40993/102492
2867) 81
2868) 6803
2869) 5'1118/1155
2870) 49'72/85
2871) 40'22/41
2872) 1550'3/14
2873) 171/632
2874) 1'1533229/3947554
2875) 372
2876) 4
2877) 52'2251/3960
2878) 3075'23/35
2879) 162
2880) 109
2881) 17'394/805
2882) 1271
2883) 439314
2884) 35259/89258
2885) 3627
2886) 3581
2887) 290400
2888) 4/31
2889) 7032
2890) 1/1760
2891) 1743
2892) 4488
2893) 832
2894) 575/4028
2895) 26257/3987702
2896) 216891'21/25
2897) 130005/485431
2898) 32'21/43
2899) 4'11/16
2900) 1201
2901) 35'37/77
2902) 27053/432960
2903) 201552'432/469
2904) 68
2905) 3158'177/220
2906) 130
2907) 32'16/23
2908) 127
2909) 75/83
2910) 52'13/19
2911) 1866
2912) 68
2913) 31/152
2914) 5016
2915) 2482
2916) 268'16/55
2917) 155135
2918) 1/3
2919) 18873
2920) 3088
2921) 4200
2922) 4107'299/720
2923) 6489
2924) 73/86
2925) 480
2926) 24
2927) 588
2928) 169007'37/49
2929) 3663
2930) 73/2548
2931) 660'174/265
2932) 469'2884/7773
2933) 76'16/37
2934) 50'61/71
2935) 84'96/211
2936) 11/34
2937) 987'1918859/119187684
2938) 40'1/30
2939) 1238'4/7
2940) 642
2941) 1'97/99
2942) 639952
2943) 410982'11/45
2944) 2236
2945) 72/89
2946) 1326
2947) 5320
2948) 1458
2949) 8/53
2950) 88793'2/11
2951) 1591
2952) 1656
2953) 5392
2954) 228
2955) 1938
2956) 17032
2957) 99144
2958) 2646
2959) 115'2/57
2960) 3456
2961) 2772
2962) 6873/7021
2963) 19/68
2964) 15540
2965) 66
2966) 7'5/46
2967) 2313
2968) 53/80
2969) 310860
2970) 76'3/28
2971) 9181'114/287
2972) 1878'3/4
2973) 1040
2974) 37
2975) 101'18/19
2976) 4080
2977) 91
2978) 2256
2979) 153'5959/6377
2980) 12/43
2981) 51/86
2982) 40'13/14
2983) 62'9/10
2984) 76
2985) 56'1891/5371
2986) 240/3887
2987) 71'4/39
2988) 1655'307/63504
2989) 39/61
2990) 18
2991) 120'8/21
2992) 216/4009
2993) 142
2994) 2325'9/19
2995) 134'7/22
2996) 4104
2997) 82
2998) 1340'25/43
2999) 23/48
3000) 946'454/477
3001) 1/61740
3002) 2615
3003) 2000
3004) 720
3005) 1'74/121
3006) 2'31/82
3007) 5040
3008) 867
3009) 2761'41/49
3010) 95'1246/5673
3011) 3028
3012) 28'15242/18925
3013) 1524
3014) 3698
3015) 1404
3016) 121
3017) 152'4597/17556
3018) 80
3019) 4572'82/201
3020) 51
3021) 5640
3022) 87'1477/6200
3023) 936
3024) 4615/5699
3025) 19/1935
3026) 7055
3027) 151'331391/720792
3028) 2407/6914
3029) 223
3030) 93
3031) 85360'4/23
3032) 10'1/22
3033) 14'3143/4488
3034) 2479'50/539
3035) 163
3036) 75'75/181
3037) 305
3038) 35/2223
3039) 7/15
3040) 3
3041) 3458
3042) 7/11
3043) 101785'7/17
3044) 54'39/43
3045) 94'22/39
3046) 87906/342239
3047) 2197'3649/18538
3048) 8/1305
3049) 13/133
3050) 24477/661024
3051) 188'987/1292
3052) 29/37
3053) 1774'2281/2700
3054) 131
3055) 35/2714
3056) 2558
3057) 25271/145680
3058) 20'53/57
3059) 145'25/27
3060) 1666
3061) 21'51/56
3062) 4029'258/259
3063) 1488
3064) 51/61
3065) 12/59
3066) 173690/191113
3067) 1826
3068) 17
3069) 176/18239
3070) 1540/4209
3071) 41'1997/11592
3072) 1/4
3073) 3219
3074) 3'48/95
3075) 118
3076) 790
3077) 8/825
3078) 3437
3079) 343
3080) 15717/16846
3081) 138'5/6
3082) 110880
3083) 205'46/47
3084) 4324
3085) 2852
3086) 40
3087) 111'317/552
3088) 43/106
3089) 1/104
3090) 37/38
3091) 1514'16/21
3092) 2156
3093) 900900
3094) 105'29/374
3095) 6762
3096) 37
3097) 42'9/23
3098) 58
3099) 7315/857844
3100) 8763'23/29
3101) 71
3102) 172
3103) 18'23/81
3104) 4105
3105) 132'55/68
3106) 94'13/20
3107) 884
3108) 33
3109) 2'1838/3375
3110) 42'40541/44520
3111) 33/97
3112) 122'30/31
3113) 13/13623
3114) 87
3115) 3162'214/273
3116) 355135'1/11
3117) 1289'30/71
3118) 15/323
3119) 89
3120) 5405
3121) 117'101/110
3122) 315
3123) 7/93
3124) 520
3125) 45'1763/4628
3126) 58521
3127) 79
3128) 5790'65/67
3129) 27'2647/4218
3130) 10360
3131) 367'1/5
3132) 94'7/10
3133) 1617'3189/8323
3134) 561
3135) 13156
3136) 16/73
3137) 95
3138) 3026'55/93
3139) 62
3140) 150804'6081/36890
3141) 1290
3142) 47
3143) 127
3144) 66'17/70
3145) 43
3146) 315'3/49
3147) 5929
3148) 3034
3149) 68034
3150) 44/42769
3151) 59/1958
3152) 6'18/25
3153) 6160
3154) 103
3155) 4419'8/21
3156) 89/118
3157) 5185/3196134
3158) 9672
3159) 2134'4/9
3160) 18800368'48/161
3161) 77
3162) 228
3163) 2448'40/43
3164) 139
3165) 34/585
3166) 19/69056
3167) 103
3168) 18585
3169) 104
3170) 68'31/67
3171) 28'3855/4108
3172) 130
3173) 93'3/5
3174) 7'3/5
3175) 89'127/4410
3176) 85100
3177) 67'29/62
3178) 8
3179) 68
3180) 97
3181) 194834
3182) 236
3183) 144
3184) 3456
3185) 6841
3186) 6132
3187) 46
3188) 5697
3189) 8
3190) 284
3191) 99'20/27
3192) 4416
3193) 278
3194) 95'10/41
3195) 766565'585/868
3196) 2'61/187
3197) 75'990676/7255597
3198) 48'10113/11392
3199) 113/114
3200) 828'4/9
3201) 29
3202) 101497'23/97
3203) 1395
3204) 240
3205) 68198'26/35
3206) 9297
3207) 358785'12/65
3208) 7505
3209) 5412'2377/2419
3210) 147
3211) 72'5/26
3212) 46
3213) 25/1386
3214) 2072
3215) 90
3216) 16'1/8
3217) 9/2660
3218) 25099'1125924/1303939
3219) 4869'3/13
3220) 7'37/48
3221) 64639/74048
3222) 97
3223) 7693
3224) 360
3225) 2538
3226) 2561'7/37
3227) 1872/2501
3228) 145222
3229) 1057'637/7520
3230) 8898'17/58
3231) 162
3232) 1'27/50
3233) 1217
3234) 6268'136/145
3235) 148'25/38
3236) 66304
3237) 2640
3238) 108
3239) 3528
3240) 1/89
3241) 9
3242) 560
3243) 35
3244) 860'437/468
3245) 26044255/63714816
3246) 13754'2/37
3247) 16/2583
3248) 105
3249) 19
3250) 4
3251) 9/62
3252) 338646'3/416
3253) 50773'13/759
3254) 91/5848
3255) 19/53
3256) 7001'17/64
3257) 25'41/931
3258) 1523'1176/1649
3259) 35
3260) 168
3261) 37
3262) 2118
3263) 172615
3264) 165
3265) 1
3266) 616/7521
3267) 34
3268) 78'17/49
3269) 345/1496
3270) 79'1/16
3271) 1371
3272) 43'51/62
3273) 64'2559/3770
3274) 80'31/36
3275) 96
3276) 3570'146/171
3277) 132
3278) 4745'5/11
3279) 75225/204166
3280) 4196'5/6
3281) 299
3282) 73'3124/4347
3283) 74/1347
3284) 77672
3285) 300
3286) 158
3287) 4080
3288) 1/2
3289) 101
3290) 5/48
3291) 3057'11/29
3292) 3085
3293) 72'992/1001
3294) 49'48/83
3295) 108
3296) 2745
3297) 72'76792733/82552680
3298) 8750'14/51
3299) 45'25/97
3300) 85
3301) 1054
3302) 15/61
3303) 25
3304) 8
3305) 2149
3306) 1011'3/64
3307) 64
3308) 1584
3309) 63'48/3367
3310) 4'1/19
3311) 155'1/6
3312) 1'2/11
3313) 29'4121/6160
3314) 75
3315) 525
3316) 444
3317) 9
3318) 4
3319) 78
3320) 825
3321) 3969'3/22
3322) 19
3323) 24'120273/194987
3324) 5845'299/1273
3325) 17
3326) 2652'4/9
3327) 57/166
3328) 41976/83815
3329) 109'3/7
3330) 1828
3331) 152
3332) 5/37
3333) 4510
3334) 86'2182/5229
3335) 5938
3336) 115'76/1975
3337) 131
3338) 2501
3339) 3
3340) 3040
3341) 52552
3342) 125'1/3
3343) 140'1/3
3344) 59977'3/11
3345) 150
3346) 336
3347) 2445
3348) 111
3349) 8/803
3350) 3905'19272/75563
3351) 2538
3352) 804/4595
3353) 12521
3354) 104
3355) 13746'10/17
3356) 32/73
3357) 51
3358) 1976
3359) 89'3/8
3360) 1890
3361) 18/55
3362) 384
3363) 91'5467/38160
3364) 127
3365) 99'5/6
3366) 27'159/182
3367) 187
3368) 208147'11/19
3369) 2496
3370) 55'17/45
3371) 5/512
3372) 99/5372
3373) 55
3374) 156
3375) 7480
3376) 17/69
3377) 1053
3378) 67
3379) 64'43/92
3380) 528
3381) 8091/8152
3382) 57'7/31
3383) 1274580/2904359
3384) 568
3385) 1121
3386) 3769'8/13
3387) 2042
3388) 4698
3389) 1/133
3390) 29/4715
3391) 68'66779/126614
3392) 3255840
3393) 420
3394) 315'4/35
3395) 116
3396) 830382/1983497
3397) 9015'2363/2915
3398) 636
3399) 111'74/91
3400) 26'21223/30672
3401) 45
3402) 804/2489
3403) 42
3404) 405909
3405) 214
3406) 86
3407) 4375'1/9
3408) 2
3409) 275520
3410) 29
3411) 10842
3412) 34'3/16
3413) 3685
3414) 15
3415) 108864
3416) 41/7791
3417) 42
3418) 5464
3419) 2716'1/4
3420) 2418
3421) 6188
3422) 7083'133257/192269
3423) 180
3424) 5280
3425) 3899
3426) 239'8/13
3427) 98
3428) 110'20/69
3429) 983
3430) 11061
3431) 177
3432) 16'28/97
3433) 4318
3434) 27/28
3435) 38
3436) 49/2774
3437) 107
3438) 18/23
3439) 14/169
3440) 9/2068
3441) 2710/2559843
3442) 47
3443) 14/223
3444) 1567
3445) 39/40
3446) 108
3447) 18768/195365
3448) 46'1478/4171
3449) 4'1447/1760
3450) 75'843/3760
3451) 100
3452) 238763/439429
3453) 62
3454) 124'106/115
3455) 109
3456) 10665
3457) 36/43
3458) 113
3459) 16
3460) 4/1599
3461) 8874
3462) 63
3463) 31'23/68
3464) 55/93
3465) 3112
3466) 21'253/893
3467) 104
3468) 193
3469) 26
3470) 889'7/10
3471) 95'51/64
3472) 1072
3473) 91/6418
3474) 41'46/75
3475) 16/19
3476) 8'8/13
3477) 6021'2312/2581
3478) 2978'135/2242
3479) 30'19/69
3480) 2656/44457
3481) 7/23
3482) 36234/12617995
3483) 10/93
3484) 68'83/132
3485) 98
3486) 163
3487) 5/9
3488) 112'7/10
3489) 3'15/29
3490) 39'611/63085
3491) 68508'5/336
3492) 14329/279752
3493) 3150
3494) 70'13/47
3495) 669'1/32
3496) 109
3497) 150
3498) 35/47
3499) 7/9
3500) 2625
3501) 59'11/20
3502) 198
3503) 54'39/83
3504) 201'27209/163350
3505) 8778
3506) 2666
3507) 207
3508) 4065'19/83
3509) 2'10/177
3510) 90
3511) 248'7/13
3512) 6/7
3513) 3683'59/85
3514) 3688'4/9
3515) 52
3516) 101'2/33
3517) 890'50/89
3518) 84
3519) 4161/4661
3520) 19/26
3521) 152'4834/6391
3522) 52'1/3
3523) 4/55
3524) 2555/69792
3525) 2108
3526) 43/136620
3527) 42'5/8
3528) 20460
3529) 234564
3530) 3784
3531) 23463
3532) 89'149/1104
3533) 3582'591/712
3534) 226'16/119
3535) 4124
3536) 193
3537) 120
3538) 180
3539) 71'85/5328
3540) 960
3541) 23'294304/311649
3542) 5'37/115
3543) 356
3544) 72756
3545) 2772
3546) 254
3547) 109032
3548) 41395/838012
3549) 11532
3550) 42931
3551) 6999'2/77
3552) 22'3467/6384
3553) 94
3554) 1678
3555) 2/19
3556) 455/222358
3557) 7744
3558) 590436
3559) 131
3560) 4356
3561) 19/72
3562) 82'533/660
3563) 66097'5/43
3564) 479'8/21
3565) 135
3566) 8255
3567) 1581
3568) 76733'53/315
3569) 15079/91776
3570) 1/16
3571) 2131
3572) 55'1/43
3573) 66'4/25
3574) 23/21600
3575) 51045
3576) 3483
3577) 257
3578) 5777
3579) 2/1071
3580) 7380
3581) 2240
3582) 51/55
3583) 255164
3584) 52510'10/13
3585) 21'95/149
3586) 4452
3587) 730/761
3588) 23/57
3589) 7'3/11
3590) 14503'11/14
3591) 45'2204913/2424016
3592) 135
3593) 56
3594) 4042/4275
3595) 12031
3596) 33'249/787
3597) 91698
3598) 360
3599) 39'231/346
3600) 59'17/32
3601) 3511/7740
3602) 76/129
3603) 176
3604) 73
3605) 150
3606) 82'248582/272835
3607) 302080
3608) 855'54935/56166
3609) 452531/2374560
3610) 37
3611) 1122
3612) 1477
3613) 744'11/46
3614) 1098
3615) 5
3616) 5'56852/64989
3617) 7789'1/11
3618) 696
3619) 37
3620) 2001
3621) 103638
3622) 2184
3623) 212
3624) 13975/723744
3625) 39'69203/297483
3626) 3473
3627) 7081
3628) 12'62/63
3629) 2/55
3630) 3'57/65
3631) 61
3632) 312000
3633) 18
3634) 123/272
3635) 528
3636) 128
3637) 30628
3638) 39/2231
3639) 8521
3640) 2'235/598
3641) 77
3642) 27'2/9
3643) 102
3644) 6505'17/38
3645) 0
3646) 91
3647) 220
3648) 1331'7219/52440
3649) 5
3650) 54825
3651) 33368
3652) 9492
3653) 322
3654) 1672
3655) 110
3656) 47/1600
3657) 11'5/18
3658) 41'25/39
3659) 3/92
3660) 674739
3661) 102
3662) 33
3663) 15327'12/59
3664) 385
3665) 329/384
3666) 6'23/79
3667) 54
3668) 22'22/23
3669) 139'15/212
3670) 8/19
3671) 111
3672) 35'89/91
3673) 343'1/21
3674) 5084/6513
3675) 13971'281/609
3676) 173
3677) 97
3678) 168'57/100
3679) 99'14/17
3680) 10
3681) 145
3682) 31'6/49
3683) 3589'147/188
3684) 107184
3685) 2749
3686) 3276
3687) 44'4991/5820
3688) 1508
3689) 10/143
3690) 6375'85/114
3691) 12
3692) 4753
3693) 229
3694) 90'889/6052
3695) 216
3696) 3996
3697) 555930/231688303
3698) 3930'58/65
3699) 1013'5661/12035
3700) 131
3701) 88623'9/89
3702) 1166
3703) 3870
3704) 99'229/301
3705) 154'23/72
3706) 31372
3707) 39151/15828000
3708) 4467'85/144
3709) 107
3710) 1142/3035
3711) 170
3712) 21
3713) 17'13/19
3714) 3742
3715) 214320
3716) 513/2038
3717) 2576
3718) 97/121
3719) 182
3720) 50'14/47
3721) 5055'6/17
3722) 37730
3723) 23/2016
3724) 136
3725) 1'41/78
3726) 85'33488/44355
3727) 2998
3728) 76'181/308
3729) 49
3730) 49'11/16
3731) 13999
3732) 135'32/41
3733) 172
3734) 1474
3735) 27
3736) 8'2/3
3737) 980
3738) 26'3/40
3739) 5184
3740) 1048
3741) 462
3742) 70151
3743) 79
3744) 103
3745) 1140
3746) 8095'13/38
3747) 73
3748) 1/123
3749) 106
3750) 1956240
3751) 3950
3752) 25/3828
3753) 23
3754) 417360
3755) 197172'138/923
3756) 97'84/121
3757) 67'22/89
3758) 212'2129/6106
3759) 158761'82/89
3760) 1496
3761) 55'64/71
3762) 87
3763) 97/143
3764) 37/99
3765) 8
3766) 7/13
3767) 5510
3768) 37/80
3769) 236'5/6
3770) 2585
3771) 1366
3772) 247/1386
3773) 4136/6539
3774) 4278
3775) 96
3776) 475/783
3777) 312
3778) 978'38/39
3779) 93
3780) 25
3781) 80
3782) 1326
3783) 646'103/702
3784) 728
3785) 3307'13/49
3786) 6'29/65
3787) 1818
3788) 55
3789) 5762'11/29
3790) 6256
3791) 1020/2081
3792) 96'1/18
3793) 2924
3794) 38300
3795) 962
3796) 48'25/57
3797) 45'3/22
3798) 109'23/41
3799) 34
3800) 3987'1/6
3801) 37296
3802) 240'238/531
3803) 127
3804) 15/28
3805) 78
3806) 3'47/483
3807) 257'19/22
3808) 35/38
3809) 86'32/59
3810) 156
3811) 1312'17/19
3812) 28'4/105
3813) 7'24/59
3814) 126
3815) 53'5/14
3816) 111
3817) 5658
3818) 41
3819) 22
3820) 55900'68/97
3821) 15862
3822) 139
3823) 230048
3824) 31635
3825) 28350
3826) 113'3/4
3827) 21'2/3
3828) 25/1104
3829) 103'7043/9348
3830) 264
3831) 2/110295
3832) 22'37/83
3833) 2556
3834) 3477
3835) 133'68/87
3836) 7776/21899
3837) 6962
3838) 127690'333/380
3839) 31/207
3840) 34
3841) 44
3842) 133056
3843) 60/71
3844) 9825'1/15
3845) 7121
3846) 103
3847) 930
3848) 71/4176
3849) 310137/365183
3850) 38'4/23
3851) 26'503/1628
3852) 2574'36/49
3853) 2961'5/52
3854) 33/129086
3855) 20
3856) 144'11285/49896
3857) 740
3858) 88
3859) 40'42/61
3860) 33'3/29
3861) 1/63
3862) 820
3863) 1737
3864) 145'31/117
3865) 88044'7881/9401
3866) 879029'55/61
3867) 94'25/3397
3868) 360
3869) 125/434
3870) 37'343/1254
3871) 470
3872) 3172
3873) 11/48
3874) 544/293237
3875) 1/6144
3876) 245'19/45
3877) 1394
3878) 92'232611/272620
3879) 1675
3880) 29
3881) 144
3882) 554/729
3883) 134'1/3
3884) 2303
3885) 132600/319301
3886) 57'7/8
3887) 79'25/56
3888) 3185
3889) 1566'12/19
3890) 26
3891) 41
3892) 430849
3893) 299904
3894) 83/74088
3895) 134407/33442275
3896) 110
3897) 1805'3/4
3898) 123
3899) 457/940
3900) 84
3901) 32'23/77
3902) 5712
3903) 114'31/32
3904) 51
3905) 26
3906) 831'3/11
3907) 584
3908) 184
3909) 40180
3910) 180
3911) 460/491
3912) 4998
3913) 448
3914) 291'47/95
3915) 74911
3916) 138'71/73
3917) 82'68/147
3918) 7/24
3919) 111
3920) 37'77/90
3921) 99
3922) 24'423/700
3923) 18
3924) 1705
3925) 200
3926) 1'10/611
3927) 1350
3928) 18'5/18
3929) 6958/15807
3930) 134
3931) 2036'20/2201
3932) 615
3933) 51
3934) 150
3935) 45
3936) 2239
3937) 34
3938) 29'268/1269
3939) 372306
3940) 171
3941) 5857'1/2
3942) 774060
3943) 718
3944) 161'16/95
3945) 4099'1/4
3946) 34
3947) 67'777163/1592460
3948) 129
3949) 7128
3950) 37/4233
3951) 1053
3952) 79
3953) 95'7/29
3954) 74
3955) 26/53
3956) 69'11/53
3957) 11/317915
3958) 163'3/14
3959) 1200
3960) 6519
3961) 7/172
3962) 56
3963) 13'10/73
3964) 49
3965) 6/41
3966) 2'23/41
3967) 24'54/73
3968) 34
3969) 287490
3970) 73/6322
3971) 3/10
3972) 9360
3973) 2120/8493
3974) 54
3975) 949/3015
3976) 166
3977) 87'5/22
3978) 1/20475
3979) 89'3/10
3980) 41'24/37
3981) 9299/31395
3982) 1/290
3983) 47/4104
3984) 17/5460
3985) 20
3986) 21978
3987) 13'37/51
3988) 1408
3989) 574/5893
3990) 180
3991) 5554'3/7
3992) 58757/248436
3993) 3593
3994) 128'36/41
3995) 15'3/32
3996) 20117416'1/24
3997) 827
3998) 505
3999) 177
4000) 7423/169800
4001) 876
4002) 37/63
4003) 16/107085
4004) 9/98164
4005) 49'7/8
4006) 69
4007) 1'487/490
4008) 181035
4009) 128'25/92
4010) 89'81/82
4011) 60
4012) 15884/47871
4013) 95
4014) 2
4015) 37/868
4016) 31
4017) 4'10/53
4018) 59/87
4019) 18/77
4020) 4757
4021) 12880
4022) 42
4023) 622
4024) 70'4/11
4025) 100
4026) 1051
4027) 9
4028) 163'81/92
4029) 81'13/71
4030) 2/16335
4031) 4428'2/3
4032) 2977
4033) 35
4034) 77'9/53
4035) 2695/9676
4036) 22176/31585
4037) 48
4038) 102879
4039) 1150
4040) 4/55
4041) 34770
4042) 3075
4043) 7820
4044) 1/7
4045) 83/5226
4046) 130
4047) 157
4048) 5/6
4049) 5104
4050) 17/776
4051) 61/89
4052) 50
4053) 312/42995
4054) 44'83/95
4055) 218'1829/19513
4056) 5322015/73024238
4057) 53'25/77
4058) 2242
4059) 341/3000
4060) 135184
4061) 440
4062) 157
4063) 25'181/1392
4064) 2809
4065) 5
4066) 149/464
4067) 73799'99/124
4068) 37
4069) 3840
4070) 15'79/80
4071) 233920
4072) 42587
4073) 27
4074) 71'251/435
4075) 96173'77/80
4076) 435
4077) 1/16
4078) 88'3/4
4079) 20211'3/11
4080) 10/19
4081) 78'3/4
4082) 1/9
4083) 25/858
4084) 249
4085) 1/819
4086) 4'1/16
4087) 1065
4088) 7/10
4089) 3483
4090) 9548/80609
4091) 172
4092) 11
4093) 23'17/29
4094) 86'587549763/2017145402
4095) 124047'409/2436
4096) 5659
4097) 123
4098) 196
4099) 5626
4100) 95212
4101) 566'193/225
4102) 5'49/180
4103) 5/19
4104) 107'31/45
4105) 496672
4106) 3232
4107) 3366
4108) 56/65
4109) 1/1287
4110) 3129'13/21
4111) 182
4112) 682
4113) 19'24/439
4114) 69'2/7
4115) 15'41/67
4116) 4263'42/97
4117) 2587
4118) 1645'26/29
4119) 52'1216/1511
4120) 9/89
4121) 22/57
4122) 58'362/895
4123) 1343'19/26
4124) 157'11/90
4125) 39528/71767
4126) 2598
4127) 123
4128) 149'8/45
4129) 8178
4130) 16936/945315
4131) 868428
4132) 11174'157/238
4133) 2
4134) 334665
4135) 9175'4933/98943
4136) 309
4137) 11/86
4138) 242
4139) 383800/19855407
4140) 22/5481
4141) 730
4142) 9/110
4143) 60/751
4144) 114
4145) 79'5607/49115
4146) 7/22
4147) 7
4148) 3115
4149) 1155
4150) 1159
4151) 85'2/3
4152) 4204'9/23
4153) 4560
4154) 186550
4155) 3045
4156) 735
4157) 11832
4158) 115
4159) 433440
4160) 142
4161) 2269
4162) 4204'411/1666
4163) 63/83
4164) 5803'42/83
4165) 352'160/1649
4166) 99228'20/89
4167) 74
4168) 63'372/1057
4169) 20/9679
4170) 2/7
4171) 26/27
4172) 6375
4173) 2914
4174) 2640
4175) 7/20
4176) 5'1/3
4177) 18'18/59
4178) 51'1/40
4179) 6605'141/575
4180) 1'23/24
4181) 69'3/4
4182) 79
4183) 3'8/9
4184) 234866'73/124
4185) 8'1787/1800
4186) 2939'7/11
4187) 156'2/3
4188) 135'25/68
4189) 74'1305/6862
4190) 97/3840
4191) 42
4192) 6288'3/4
4193) 1228'8/15
4194) 5'10/11
4195) 173
4196) 4547/8096
4197) 90
4198) 6050'47/216
4199) 26'46/49
4200) 10
4201) 4664
4202) 122
4203) 166'18/19
4204) 17/315
4205) 33618'377/1121
4206) 78
4207) 1053
4208) 125
4209) 3392'73/85
4210) 77/74700
4211) 4182
4212) 205760
4213) 101'67/210
4214) 10/33
4215) 293251'2102/5293
4216) 1/6
4217) 58'473/3392
4218) 76
4219) 2310/671327
4220) 2020'260/837
4221) 7711
4222) 5720'44/65
4223) 19'2549/3005
4224) 1632
4225) 40/81
4226) 1710
4227) 118'29/97
4228) 3264588
4229) 16/43
4230) 117600
4231) 7244
4232) 60'169/370
4233) 33'71/91
4234) 69
4235) 28
4236) 7990
4237) 42
4238) 22'215/1394
4239) 205
4240) 57
4241) 74'36/73
4242) 2402'602/689
4243) 5102
4244) 1575
4245) 4364
4246) 66'25/78
4247) 2697
4248) 104
4249) 374761'188/217
4250) 130'5354399/59225530
4251) 23/114
4252) 3265'1/20
4253) 15'26197/97200
4254) 463536
4255) 1/3477
4256) 7056
4257) 25
4258) 41/378
4259) 4850'2/11
4260) 117'133/370
4261) 1292
4262) 127
4263) 6960
4264) 284'2/5
4265) 47'49/1980
4266) 1385
4267) 49'29/76
4268) 5007
4269) 8881'8531/39270
4270) 17'147/1178
4271) 398'8/9
4272) 4340
4273) 76
4274) 3'342/425
4275) 7184/12545
4276) 6'64793/128745
4277) 22'22/27
4278) 3422
4279) 95'13/82
4280) 153'52/57
4281) 58'1798/3149
4282) 20125/3791766
4283) 115
4284) 82'18656/64739
4285) 4761'279/323
4286) 616491
4287) 30'12731/19760
4288) 41'36/41
4289) 3012
4290) 2855
4291) 16133
4292) 150'60/61
4293) 194
4294) 192
4295) 2059
4296) 6720'12/61
4297) 22
4298) 33'1505/2704
4299) 135869
4300) 6909888
4301) 61'143153/564060
4302) 74/101
4303) 55610'269/869
4304) 19/26
4305) 70800
4306) 84
4307) 2089'19/21
4308) 51/110
4309) 201'145/284
4310) 4128
4311) 5052'11139/36163
4312) 460
4313) 112
4314) 139
4315) 855
4316) 246
4317) 33'13/504
4318) 41
4319) 25/46
4320) 10064
4321) 950
4322) 4284
4323) 1375
4324) 26'315/1174
4325) 2566'24/253
4326) 2112
4327) 44
4328) 8748
4329) 140'3/32
4330) 77'5/11
4331) 5985
4332) 25
4333) 5'35119/35139
4334) 79/91
4335) 44'10/37
4336) 125400
4337) 22/89
4338) 176
4339) 55'425/632
4340) 557
4341) 4106'403/1462
4342) 174
4343) 121618
4344) 96'27/71
4345) 11400
4346) 52200
4347) 100918'22/53
4348) 18'73/97
4349) 7/45
4350) 86'41/1404
4351) 89
4352) 286/841
4353) 63'2/31
4354) 2254
4355) 19/44880
4356) 744
4357) 876231
4358) 5295
4359) 105'71/91
4360) 49/2183
4361) 2/13
4362) 3641
4363) 38056
4364) 720
4365) 25/26
4366) 409/676
4367) 528
4368) 157'25/26
4369) 79
4370) 92'35/82
4371) 174
4372) 115
4373) 125/11581
4374) 30'75/92
4375) 385/2294352
4376) 3386448
4377) 212504'8/33
4378) 3/812
4379) 73'43/560
4380) 92
4381) 116
4382) 76/123
4383) 23
4384) 58'205553/556336
4385) 1080'55/73
4386) 2816/3525
4387) 1621
4388) 2/19
4389) 162
4390) 1155/2098
4391) 2499
4392) 91
4393) 71'4192/4611
4394) 83'7/8
4395) 312
4396) 414/2747
4397) 1364
4398) 118'19/61
4399) 121176
4400) 52
4401) 23/35
4402) 2542
4403) 5/29
4404) 23244
4405) 584
4406) 8924
4407) 84
4408) 94'63/92
4409) 64
4410) 646911'657/850
4411) 115
4412) 5204'59/455
4413) 20'1669/4154
4414) 4295
4415) 145
4416) 3996
4417) 39/88
4418) 2244
4419) 97'29397/85636
4420) 48840
4421) 708864
4422) 78
4423) 23
4424) 117'9/14
4425) 11664
4426) 299'34/35
4427) 86
4428) 1/2
4429) 62
4430) 9/41
4431) 81
4432) 69'11/27
4433) 7/725
4434) 7161
4435) 15/26
4436) 865'28199/168696
4437) 66'19/29
4438) 4316
4439) 12/35
4440) 18'41/96
4441) 54
4442) 8'7/60
4443) 185'5/11
4444) 123
4445) 1271'1037/1134
4446) 94
4447) 45760
4448) 66/653
4449) 145
4450) 8426'367/684
4451) 37/1746
4452) 13349'7/37
4453) 60
4454) 14
4455) 45
4456) 100'4/7
4457) 97'6/7
4458) 91/669
4459) 29
4460) 37/1204
4461) 4092
4462) 2344
4463) 647/59976
4464) 26
4465) 46741
4466) 5360
4467) 3440640
4468) 227
4469) 174
4470) 2676'177/238
4471) 49/1265
4472) 29'39/95
4473) 360
4474) 1500
4475) 93
4476) 85'2549/2610
4477) 89/3666
4478) 64/4655
4479) 4346
4480) 146
4481) 164217/438424
4482) 2759
4483) 424/435
4484) 23/85
4485) 4'161/225
4486) 2968'21/44
4487) 4606
4488) 2976
4489) 34
4490) 70
4491) 74/423
4492) 3941'2/3
4493) 1317
4494) 132'7/80
4495) 31/415
4496) 641923'1111/1118
4497) 39'3/37
4498) 89126
4499) 54/67
4500) 34
4501) 5/2106
4502) 13
4503) 671
4504) 266
4505) 255801'71/376
4506) 34'7387/10879
4507) 3315
4508) 99'21/82
4509) 2187
4510) 19'23/27
4511) 113'4/11
4512) 5809
4513) 34
4514) 80'5/11
4515) 13/33
4516) 241
4517) 4993
4518) 24012
4519) 73/2160
4520) 473088
4521) 37
4522) 63360
4523) 2904
4524) 2914
4525) 6992
4526) 6
4527) 17/4209
4528) 294
4529) 44/87
4530) 7/475
4531) 83
4532) 114'8/11
4533) 63
4534) 1306
4535) 6406117/10225072
4536) 53/81
4537) 112
4538) 57/77
4539) 3745
4540) 115
4541) 54'179/192
4542) 25839
4543) 226
4544) 34'64/77
4545) 108
4546) 9554'7789/27232
4547) 43'2/23
4548) 2'3173/5265
4549) 44'11/26
4550) 23212172
4551) 122
4552) 1828
4553) 332'124/187
4554) 6850
4555) 32
4556) 71'6/13
4557) 30
4558) 36'7/12
4559) 58
4560) 2/45
4561) 4237'7/8
4562) 98
4563) 22
4564) 120
4565) 17/64
4566) 350'1510/2009
4567) 844
4568) 109
4569) 1104
4570) 312
4571) 31/87
4572) 605'481/996
4573) 115971
4574) 550/1259
4575) 2210'91/94
4576) 2/77
4577) 125'65/87
4578) 17
4579) 30
4580) 1248
4581) 10714006'22/255
4582) 29/736
4583) 210
4584) 34'28/37
4585) 31
4586) 173
4587) 2743
4588) 203
4589) 15
4590) 173
4591) 5214
4592) 105'53/68
4593) 102
4594) 4433/17466
4595) 135
4596) 521074
4597) 116025
4598) 19'49/141
4599) 7/89
4600) 99'31/285
4601) 1/9
4602) 48'38/45
4603) 8033'208/275
4604) 154
4605) 29'5/11
4606) 1'19/47
4607) 33'17/38
4608) 3/25
4609) 3150
4610) 4540'55/64
4611) 58
4612) 4
4613) 3639
4614) 159475'10327/10387
4615) 629/891
4616) 73/6909
4617) 1395/5141
4618) 245
4619) 1357'136/437
4620) 8913
4621) 2687
4622) 16
4623) 2470
4624) 29/44
4625) 56/83
4626) 57
4627) 3247'91/128
4628) 71
4629) 43
4630) 133
4631) 8'19/21
4632) 19/55
4633) 4512
4634) 88
4635) 4285'7/22
4636) 122'586/645
4637) 111
4638) 8
4639) 74'1529/3116
4640) 1/4
4641) 1927
4642) 48'6/7
4643) 72'86261/149976
4644) 1/6534
4645) 6596
4646) 20300
4647) 13
4648) 1045
4649) 81
4650) 2579'9067/16536
4651) 1921'7/53
4652) 40154'1649/2700
4653) 108
4654) 717107'15/91
4655) 20
4656) 3998
4657) 496860
4658) 8137'2/9
4659) 627396
4660) 39
4661) 57
4662) 108
4663) 105
4664) 34'67/180
4665) 3360
4666) 92
4667) 59
4668) 884/7733
4669) 89
4670) 46
4671) 145'1349/2450
4672) 58
4673) 2617'31/36
4674) 122'4/55
4675) 96
4676) 5/649
4677) 97
4678) 236
4679) 32/61
4680) 69'30994/116781
4681) 4284
4682) 3074
4683) 4580
4684) 8'16/31
4685) 11'1/17
4686) 142
4687) 23
4688) 423'89/629
4689) 154'121/826
4690) 1311
4691) 1050'47/93
4692) 45/3487
4693) 105
4694) 41/1880
4695) 1819760
4696) 183
4697) 148
4698) 832
4699) 2747
4700) 4320
4701) 2
4702) 3'5801/44733
4703) 279'1/2
4704) 1598
4705) 67'5/7
4706) 657
4707) 17/41
4708) 43808
4709) 1436'28/31
4710) 104/127
4711) 2/123
4712) 91'1331/2184
4713) 147'8/99
4714) 284939/5994747
4715) 5490
4716) 255
4717) 183
4718) 1232
4719) 19
4720) 67643'7/44
4721) 10984'8/13
4722) 51753'4/13
4723) 53
4724) 206431'40241/42112
4725) 5
4726) 217'3847/8600
4727) 128'625/1037
4728) 83'5/13
4729) 474
4730) 127
4731) 82'34/105
4732) 1498'51/91
4733) 3580'14/43
4734) 247698/662653
4735) 97
4736) 25
4737) 1
4738) 1223
4739) 8250
4740) 4704
4741) 11'72/83
4742) 157256'47/138
4743) 2/33
4744) 42'59/75
4745) 2238
4746) 110
4747) 96'36/37
4748) 49/3069
4749) 109
4750) 20
4751) 29/38
4752) 129360
4753) 100'7/11
4754) 163
4755) 3/4316
4756) 50517
4757) 188
4758) 3903'6/49
4759) 1'73/95
4760) 73
4761) 2939/3404
4762) 31'15/17
4763) 2557'13/84
4764) 73'8/17
4765) 16
4766) 1917
4767) 88880/6591611
4768) 9288
4769) 125'14/55
4770) 7296
4771) 177/500
4772) 999
4773) 180540
4774) 9'9/34
4775) 6693
4776) 1460
4777) 11349
4778) 105
4779) 78506'48/95
4780) 186
4781) 44400'16/55
4782) 183
4783) 1/760
4784) 179'45/83
4785) 220968
4786) 47664'1/20
4787) 111
4788) 1554'3/8
4789) 66
4790) 9
4791) 865
4792) 3648
4793) 43031
4794) 110
4795) 45/86
4796) 937'2/55
4797) 609
4798) 37/92
4799) 138'18435/32204
4800) 29'25/91
4801) 142800
4802) 49420
4803) 24'9/53
4804) 162
4805) 253183'1213/2088
4806) 215'37/93
4807) 548'10/13
4808) 4371
4809) 79
4810) 618'22/31
4811) 10'47/59
4812) 8507
4813) 91'59/88
4814) 41/93
4815) 155066
4816) 60'25/37
4817) 449'1/3
4818) 7656
4819) 4697'19/93
4820) 2235
4821) 7'1/319
4822) 73
4823) 33
4824) 14
4825) 33
4826) 176
4827) 495
4828) 29
4829) 5766
4830) 73
4831) 96
4832) 66
4833) 23/30
4834) 48'119/166
4835) 20293/320016240
4836) 0
4837) 3619
4838) 17
4839) 3959
4840) 2961'3505/4186
4841) 4/13
4842) 111
4843) 3095'65807/100700
4844) 8020'715/994
4845) 106'95/99
4846) 1/94
4847) 5925
4848) 97
4849) 74'52781/149100
4850) 80/91
4851) 153
4852) 13630
4853) 24500/5132979
4854) 3836
4855) 559
4856) 7533
4857) 71325/10354058
4858) 36'2/13
4859) 3'71/819
4860) 232288
4861) 2595464/4321695
4862) 52
4863) 335
4864) 841
4865) 5'5/113
4866) 157
4867) 5/1701
4868) 1302
4869) 189800
4870) 1160
4871) 108'9/76
4872) 132
4873) 76/123
4874) 2756
4875) 71/4680
4876) 15/2024
4877) 41'1/3
4878) 2366/22497
4879) 2484
4880) 103'223/1001
4881) 10'13/44
4882) 1483
4883) 89
4884) 48/901
4885) 61/948
4886) 2/5
4887) 31/33
4888) 25/79
4889) 35
4890) 73/82
4891) 91/9504
4892) 9696087/23998520
4893) 45'42877/66693
4894) 5020
4895) 2751'9/13
4896) 18
4897) 104
4898) 725/2619
4899) 723
4900) 37/5780
4901) 692
4902) 66792
4903) 37'23/34
4904) 2890
4905) 27/77
4906) 7659
4907) 54
4908) 85/87
4909) 211'44/2205
4910) 31'3/5
4911) 52
4912) 100
4913) 28'89/992
4914) 64/95
4915) 7/24
4916) 44/91
4917) 184
4918) 877/925
4919) 2592
4920) 29/455
4921) 14/97
4922) 38/83
4923) 74'141/224
4924) 7221/11837
4925) 462'47/49
4926) 706'3/4
4927) 5207'127/372
4928) 191961
4929) 256/931
4930) 3696
4931) 38/47
4932) 20/69
4933) 116'8143/14694
4934) 228'12/67
4935) 71/88
4936) 119
4937) 41'39/43
4938) 1990/3773
4939) 2591'5331/7843
4940) 55
4941) 93042'22/29
4942) 3808/276489
4943) 116
4944) 264
4945) 67'269/876
4946) 3060
4947) 37/87
4948) 2346
4949) 42
4950) 71
4951) 57/14260
4952) 7668
4953) 140'10/13
4954) 11'1/2
4955) 1989
4956) 6644
4957) 44/47
4958) 2244
4959) 3483/3550
4960) 149
4961) 207260'25/61
4962) 56'10/89
4963) 68'70/237
4964) 85532'4/25
4965) 17/3920
4966) 58
4967) 2691/3800
4968) 4092
4969) 110
4970) 125
4971) 35
4972) 5/93
4973) 84'54/85
4974) 551/961
4975) 214368
4976) 101
4977) 1420
4978) 20711389/23131350
4979) 8'41/86
4980) 6380
4981) 157'19/83
4982) 136
4983) 201'25/31
4984) 528
4985) 195'72/77
4986) 24'239/279
4987) 2021'79/80
4988) 2796'2/3
4989) 2095
4990) 260
4991) 2279'3/13
4992) 2708'7/16
4993) 13'49/75
4994) 970
4995) 14
4996) 1911
4997) 183141
4998) 24320/262455299
4999) 96
5000) 83'5/38
5001) 20/2303
5002) 148
5003) 45'62/101
5004) 1364/140537
5005) 1/22
5006) 558
5007) 34
5008) 22'161/696
5009) 7699'4/11
5010) 38'9185723/51366756
5011) 6'47/66
5012) 1'219/221
5013) 62'1577/9890
5014) 36'142/345
5015) 6304
5016) 2/27
5017) 5673'13/19
5018) 98
5019) 3003379'204/529
5020) 1050
5021) 17/2937
5022) 5248750
5023) 99/38953
5024) 2
5025) 64'51/77
5026) 496
5027) 92
5028) 2294
5029) 2538
5030) 67/4715
5031) 210
5032) 1490'250/357
5033) 140
5034) 1584
5035) 44/67
5036) 8005
5037) 104
5038) 27'7/429
5039) 2566'54/71
5040) 56'275/32128
5041) 6
5042) 520'86/315
5043) 93'25/28
5044) 62
5045) 2185
5046) 90'45/158
5047) 4902
5048) 132'63/86
5049) 61'11/49
5050) 1053
5051) 25'37/38
5052) 27
5053) 138
5054) 82'2383/4788
5055) 25/742
5056) 55'63/64
5057) 93/1694
5058) 49536
5059) 4/17
5060) 47
5061) 163
5062) 75
5063) 5946'40/47
5064) 175/786182
5065) 4270'22/61
5066) 447
5067) 2780'1/7
5068) 123
5069) 23'49/75
5070) 5886'28/31
5071) 2162
5072) 127469'4211/9300
5073) 45
5074) 112
5075) 103
5076) 913
5077) 57
5078) 1241
5079) 90/97
5080) 41/97
5081) 1466
5082) 76'38704/930555
5083) 51'8/47
5084) 33'5/81
5085) 5567
5086) 18
5087) 76
5088) 47/4968
5089) 41832
5090) 133
5091) 41
5092) 581
5093) 6667'105/136
5094) 2448
5095) 19186'7/16
5096) 12792
5097) 2/1023
5098) 2680
5099) 4480
5100) 3/130
5101) 19/8925
5102) 98
5103) 207/260
5104) 5313
5105) 4/113
5106) 6'251/360
5107) 61/182
5108) 3417'418/1033
5109) 47/7150
5110) 36/95
5111) 256'10/63
5112) 12
5113) 37
5114) 9
5115) 30
5116) 258258
5117) 170'1/14
5118) 58'13/25
5119) 71'12/115
5120) 18603
5121) 133'1/85
5122) 46
5123) 94
5124) 1788
5125) 7/1780
5126) 45/49
5127) 3817'1380/1829
5128) 71
5129) 34'3447/5368
5130) 3258
5131) 2983/252720
5132) 97'31/48
5133) 96
5134) 25/118354
5135) 245'656/2805
5136) 17/1196
5137) 5112
5138) 42'941/2564
5139) 25/7912
5140) 53'7/66
5141) 198'193/2856
5142) 94
5143) 2'2/17
5144) 90'16/37
5145) 311
5146) 1315'5051/5390
5147) 1440
5148) 9'43/59
5149) 17/23940
5150) 1999'3/14
5151) 4104
5152) 14'22/31
5153) 666
5154) 1665
5155) 10992'107/194
5156) 5372
5157) 24
5158) 182
5159) 720
5160) 4980
5161) 193
5162) 119'7/10
5163) 870
5164) 74'33/40
5165) 220'82/1587
5166) 72
5167) 53
5168) 5/36
5169) 118775/136136
5170) 33
5171) 8820
5172) 1248
5173) 12/73
5174) 3328'2/3
5175) 211
5176) 8200/498783
5177) 98853'3/49
5178) 215'11/104
5179) 14
5180) 16
5181) 274
5182) 3251/3744
5183) 116'56/57
5184) 3372
5185) 35532
5186) 2232'18/47
5187) 6926'114/6391
5188) 101
5189) 397/874
5190) 954
5191) 35035'20/57
5192) 1451'8/9
5193) 26'131/594
5194) 2616'991/1431
5195) 1035'2/55
5196) 4396'32/465
5197) 1956'1/6
5198) 4894
5199) 443'551/561
5200) 247104
5201) 2760
5202) 6720
5203) 319652'9/32
5204) 174'29/56
5205) 42'2287/3131
5206) 73
5207) 1500
5208) 180
5209) 181
5210) 320
5211) 113
5212) 1802'1309/1800
5213) 14276
5214) 25
5215) 3660
5216) 103
5217) 195
5218) 39
5219) 33
5220) 170
5221) 105'343/1798
5222) 80605/290048
5223) 13/132
5224) 29/62
5225) 1527/5611
5226) 7946
5227) 38/45
5228) 33'8/11
5229) 9/28
5230) 120
5231) 22'1/2
5232) 49
5233) 1771
5234) 29
5235) 1564
5236) 107'47/53
5237) 5316
5238) 22/47
5239) 118
5240) 10680
5241) 70'73/98
5242) 4353
5243) 113
5244) 198/52895
5245) 44'14/41
5246) 82
5247) 305'5/9
5248) 8'1/64
5249) 117
5250) 3851'32/43
5251) 127512
5252) 166
5253) 46
5254) 3142'17/76
5255) 16'9708/61415
5256) 3330
5257) 2203
5258) 1182
5259) 1372
5260) 66'23/53
5261) 15'8/11
5262) 616
5263) 1'53/65
5264) 115'8/65
5265) 8/4697
5266) 7905
5267) 1993
5268) 96'6/19
5269) 76
5270) 32'35/408
5271) 4135'17/19
5272) 279312
5273) 66
5274) 95'39/50
5275) 135'195/242
5276) 4297/5247
5277) 79
5278) 2479'49/74
5279) 1160
5280) 67
5281) 828
5282) 732/1625
5283) 38/79
5284) 23600
5285) 7192
5286) 64'19/68
5287) 4374
5288) 31
5289) 722
5290) 6304656/14918035
5291) 170
5292) 6/395
5293) 2119'131/456
5294) 5876'20/29
5295) 113
5296) 5406'21/43
5297) 962
5298) 7275/10799
5299) 6177
5300) 28/55
5301) 576'825/962
5302) 3480'38/81
5303) 310'104806/122949
5304) 57'41/73
5305) 17'109/120
5306) 119/9522
5307) 2845
5308) 95
5309) 129445'23/213
5310) 324
5311) 208
5312) 78/149
5313) 3
5314) 20
5315) 15
5316) 79
5317) 1440'1/3
5318) 105'3/4
5319) 1/4
5320) 7/26
5321) 13/90
5322) 140
5323) 119610
5324) 735636'36/43
5325) 89
5326) 3929
5327) 1463
5328) 28
5329) 3455'27/47
5330) 87/148
5331) 64'3/7
5332) 43/390
5333) 103'482/2077
5334) 22
5335) 100
5336) 65'5/11
5337) 13087'59/247
5338) 5402
5339) 3978
5340) 5/104
5341) 77/144
5342) 5/72226
5343) 6205
5344) 87
5345) 74
5346) 5
5347) 71
5348) 3822'2/3
5349) 47
5350) 95
5351) 24/91
5352) 91'492455/796016
5353) 41'751/1320
5354) 11/29160
5355) 98
5356) 9'9/29
5357) 13/8100
5358) 3698
5359) 65'4111/4221
5360) 2880222'21/25
5361) 97'4729/15700
5362) 7'4/11
5363) 53
5364) 24/79
5365) 131
5366) 1613'41/54
5367) 53'614/1305
5368) 11/94
5369) 65'1695/2794
5370) 1891
5371) 1045
5372) 75/1814
5373) 62/67
5374) 1829'13650/14993
5375) 9/728
5376) 2/1575
5377) 9/4183
5378) 5174'82397/138662
5379) 131'8/57
5380) 2/23
5381) 25
5382) 5/6
5383) 772
5384) 14'233/315
5385) 3278
5386) 580'34/65
5387) 14754
5388) 2858
5389) 84
5390) 157
5391) 89
5392) 928
5393) 18/151
5394) 7644
5395) 37
5396) 390
5397) 58
5398) 93'61/97
5399) 103
5400) 42'23/42
5401) 143
5402) 97
5403) 192753
5404) 842919
5405) 201022'2/19
5406) 23760
5407) 3'3/65
5408) 4/41
5409) 28028
5410) 536'381/910
5411) 457560
5412) 198'43/64
5413) 22
5414) 4878
5415) 1699'211/315
5416) 120
5417) 2913
5418) 175/3539
5419) 685'1/315
5420) 31744
5421) 62
5422) 85/88
5423) 1848
5424) 162/1387
5425) 376875
5426) 12
5427) 84
5428) 4945'71/73
5429) 12'23/58
5430) 749616
5431) 1459/3028
5432) 6035'17/33
5433) 3325
5434) 948
5435) 896
5436) 39277'952/4089
5437) 1/66
5438) 17966'8714/13419
5439) 127'13/32
5440) 2272
5441) 6232
5442) 13'1699/22100
5443) 15'13043/15587
5444) 146
5445) 109
5446) 13'25/26
5447) 3
5448) 37016/42711
5449) 115
5450) 1230
5451) 4/11
5452) 69960'4/5
5453) 187'8/17
5454) 4280'11199/17296
5455) 159
5456) 332/3925
5457) 385
5458) 429
5459) 3221'2/7
5460) 29/82
5461) 9/160
5462) 68/99
5463) 1439'2/7
5464) 4'43/66
5465) 130
5466) 115'2485/4838
5467) 66'936/1085
5468) 12889'121/156
5469) 6618103/12766313
5470) 664
5471) 75'8/9
5472) 6793'36/85
5473) 9/16
5474) 5328'36/43
5475) 333
5476) 123'13757/14000
5477) 12270'101/140
5478) 1495
5479) 137
5480) 345
5481) 23/42
5482) 129
5483) 43'19/30
5484) 132
5485) 1/3840
5486) 133
5487) 2495'220/259
5488) 3946'4/53
5489) 5/178
5490) 5676
5491) 229
5492) 1301/3666
5493) 1814'34/77
5494) 15'2245/2581
5495) 19/280
5496) 5162
5497) 1957'564/2183
5498) 5325'649/744
5499) 5'25/91
5500) 86802'174/1207
5501) 231
5502) 154
5503) 3465
5504) 6270
5505) 83750
5506) 49/1909
5507) 93/145
5508) 174'2/19
5509) 9'132/763
5510) 87'94170/157589
5511) 41'23/90
5512) 51
5513) 3405'119/325
5514) 325'16/25
5515) 16454/16629
5516) 25/83
5517) 55
5518) 18584
5519) 200/301
5520) 260
5521) 9506
5522) 12776400
5523) 158
5524) 167
5525) 112'40/59
5526) 2780
5527) 78'35/6003
5528) 488/37559
5529) 1456
5530) 17
5531) 8/4961
5532) 10
5533) 40'1/2
5534) 57
5535) 309
5536) 3354
5537) 108
5538) 14'11/61
5539) 138
5540) 8463
5541) 208'6/11
5542) 1061'746939/1151648
5543) 3960
5544) 36'7/17
5545) 2357'235/237
5546) 168
5547) 17152
5548) 15'379/3219
5549) 42/53
5550) 1
5551) 187
5552) 5106'29/42
5553) 3'204/1339
5554) 4284
5555) 30'102/1081
5556) 129
5557) 3512
5558) 1601'29/39
5559) 6608
5560) 101'5/11
5561) 1992'40253/94656
5562) 11/540
5563) 33
5564) 23/1950
5565) 10
5566) 60
5567) 935
5568) 56'78/121
5569) 5'89/112
5570) 1410
5571) 3900'1448/1495
5572) 129'19/32
5573) 8460
5574) 225'17249/19952
5575) 11397429
5576) 439'69/76
5577) 1307
5578) 24'523/803
5579) 166
5580) 8303/25344
5581) 574
5582) 68'29/40
5583) 114246'162/253
5584) 11/16116
5585) 435'71/259
5586) 90'93/94
5587) 64/167
5588) 439/2592
5589) 159323'4/21
5590) 258'1915/2697
5591) 33/140
5592) 29'491/16952
5593) 7/22800
5594) 3702'18/95
5595) 59'52/63
5596) 4/37
5597) 11414/35959
5598) 231'29/39
5599) 299
5600) 62
5601) 10725/26486
5602) 528
5603) 3'12/551
5604) 1735'13/93
5605) 4819'207/266
5606) 4'35/79
5607) 3243/4336
5608) 19
5609) 102'221/1481
5610) 124
5611) 3248'5/9
5612) 91
5613) 80'10/21
5614) 122'1/16
5615) 151
5616) 5/168
5617) 2832
5618) 5832
5619) 2480'128/175
5620) 5066'1135/3626
5621) 76
5622) 4032
5623) 1/79
5624) 741
5625) 1082
5626) 193
5627) 6624
5628) 65'7/29
5629) 41
5630) 70196'108/445
5631) 15895495
5632) 1666
5633) 2/697
5634) 10115
5635) 226983'85/9804
5636) 1/70
5637) 451440
5638) 74732
5639) 3483'3/28
5640) 78
5641) 108'59/82
5642) 284
5643) 112
5644) 2/1157
5645) 188'413/858
5646) 3328
5647) 52
5648) 66552'340/361
5649) 40
5650) 27'29/299
5651) 11243'11/18
5652) 5467
5653) 21820'20/27
5654) 140'73/74
5655) 38
5656) 20
5657) 13/80
5658) 38'15/47
5659) 191
5660) 3699'920/1917
5661) 4'25248/26845
5662) 1615'3/7
5663) 13'37/79
5664) 41/1551
5665) 57'2003/2544
5666) 24'13/32
5667) 28'1/2
5668) 137
5669) 31
5670) 135
5671) 1357
5672) 48'12/61
5673) 23
5674) 7031
5675) 2037420
5676) 2
5677) 5/312
5678) 1468
5679) 213'29/48
5680) 22'19/66
5681) 65'12/13
5682) 21065400
5683) 41/1541
5684) 1849/2180556
5685) 35
5686) 2502
5687) 5936
5688) 3/190
5689) 87
5690) 109564
5691) 7742
5692) 2540'5/38
5693) 1010
5694) 30'15/19
5695) 1541/4928
5696) 9350
5697) 31/73
5698) 122
5699) 107'14/15
5700) 37/69
5701) 2023'1087/1155
5702) 2726/13487
5703) 154'13/57
5704) 7980
5705) 448500
5706) 72
5707) 6497
5708) 324
5709) 2453
5710) 51'891/1480
5711) 99075'3/8
5712) 65'5/13
5713) 176
5714) 1047/2159
5715) 1619'1/55
5716) 112/153
5717) 442
5718) 3600'9/13
5719) 29
5720) 3604
5721) 20992
5722) 11/13
5723) 488'8/19
5724) 73
5725) 104'2/3
5726) 3780
5727) 183
5728) 3347
5729) 6911'36/47
5730) 4668'21/47
5731) 768
5732) 10395
5733) 345000
5734) 4995
5735) 36'205/3036
5736) 5/684
5737) 92
5738) 29/84
5739) 39
5740) 91'49/71
5741) 6'41/61
5742) 2519
5743) 770
5744) 106'7/960
5745) 184212
5746) 121239'473/920
5747) 2010
5748) 35'535/693
5749) 98
5750) 91
5751) 38
5752) 8151
5753) 31'11/29
5754) 98
5755) 1/483
5756) 5044
5757) 14'1/7
5758) 4'2/13
5759) 1023
5760) 158
5761) 5/13
5762) 23'1201/1215
5763) 56'2/3
5764) 1
5765) 24192/84039605
5766) 166'11/24
5767) 175'1057/1696
5768) 4306'423/2200
5769) 37/42
5770) 68
5771) 103
5772) 49
5773) 6237
5774) 579150
5775) 6051790'5/94
5776) 20'3/17
5777) 32
5778) 85
5779) 20020
5780) 4148
5781) 58864/93707
5782) 96'2538/4979
5783) 1166
5784) 5297'34/37
5785) 90
5786) 5/24
5787) 11799
5788) 19/1184
5789) 25
5790) 166
5791) 7484'25/62
5792) 87'11/35
5793) 179
5794) 1806
5795) 251'595/2538
5796) 32'398/663
5797) 170642'2/19
5798) 491'20/79
5799) 78
5800) 90024
5801) 62
5802) 161
5803) 71/77
5804) 17/20
5805) 594
5806) 95'18/25
5807) 749'5443/7110
5808) 66327'1349/1573
5809) 1/846
5810) 930
5811) 4597102/9660347
5812) 4
5813) 555382'16/17
5814) 2111
5815) 26/31
5816) 9504
5817) 222784'8/25
5818) 1337'7/27
5819) 48760
5820) 50'39/1748
5821) 5187
5822) 131
5823) 8/11
5824) 151
5825) 12056
5826) 28
5827) 22
5828) 83694
5829) 3690
5830) 3403
5831) 2468
5832) 13/51
5833) 314'1373/2475
5834) 1074
5835) 770'2/3
5836) 2868'2/5
5837) 3600'45/52
5838) 11664'15/83
5839) 1100
5840) 32687'2993/3233
5841) 200
5842) 99'5/13
5843) 73'22/57
5844) 3905/5096
5845) 23'71/82
5846) 133
5847) 132
5848) 61
5849) 94
5850) 207
5851) 336'2080893/3944200
5852) 5544
5853) 187910
5854) 171/5885
5855) 14'15/82
5856) 1141/1185
5857) 135'4/51
5858) 9/82
5859) 117'226/305
5860) 1205'3/8
5861) 6523
5862) 684'766/1139
5863) 56'11/21
5864) 95
5865) 198
5866) 3276
5867) 4257
5868) 1776
5869) 3589
5870) 126
5871) 2016
5872) 5936
5873) 26/61
5874) 260482'2119/4512
5875) 174'574/611
5876) 140
5877) 31'10/19
5878) 111
5879) 4743
5880) 1720
5881) 4440
5882) 105
5883) 198
5884) 1/29
5885) 19751'8383/18525
5886) 160/171
5887) 60
5888) 108'1156/2025
5889) 67
5890) 114
5891) 350660'772/1287
5892) 84487
5893) 36'11/17
5894) 3666
5895) 93'6/11
5896) 4275
5897) 427
5898) 3/2968
5899) 7/67
5900) 19/61
5901) 9/1102
5902) 3398'8/9
5903) 1927
5904) 52'950/2737
5905) 14'6/7
5906) 1810'45/68
5907) 11328/142631
5908) 72
5909) 37'25429/26832
5910) 17/31
5911) 39'1281/2015
5912) 155'5/44
5913) 11/32775
5914) 41'2/9
5915) 351837
5916) 17556
5917) 423/3607
5918) 52
5919) 20400
5920) 235
5921) 17
5922) 52
5923) 3172'20/31
5924) 99
5925) 90
5926) 125'1643/2059
5927) 44
5928) 62
5929) 21
5930) 2584
5931) 3272'33/65
5932) 9174'1272/2911
5933) 468'13/24
5934) 62'1/2
5935) 23327
5936) 46'527/645
5937) 41/77
5938) 1
5939) 894856547/6048016875
5940) 1'27392/32375
5941) 73593
5942) 1'25/52
5943) 26/207
5944) 5184
5945) 4/73
5946) 58'343/3306
5947) 344806'98/249
5948) 28
5949) 4754'17/32
5950) 301879'1/2
5951) 34306272
5952) 102
5953) 40
5954) 1248984
5955) 6440
5956) 90'1366/1547
5957) 17/4484
5958) 70'9/11
5959) 2376
5960) 6842'2351/3127
5961) 115
5962) 44'2015/2814
5963) 1/221
5964) 2121'6/11
5965) 3965
5966) 115710
5967) 1209'32/37
5968) 1/5
5969) 134'4/33
5970) 126
5971) 56'1043/11716
5972) 79
5973) 8025'67/75
5974) 552
5975) 10/69
5976) 52'10953/12194
5977) 4952'3/11
5978) 202'21/95
5979) 7914'26177/135036
5980) 164
5981) 137984
5982) 741608
5983) 149
5984) 9/34
5985) 1488
5986) 150/583
5987) 140
5988) 38/93
5989) 37'19/47
5990) 1796
5991) 13/18
5992) 142662
5993) 143
5994) 47'1/3
5995) 222
5996) 362238'2/7
5997) 53'15/17
5998) 4485
5999) 30'26/29
6000) 7/5728
6001) 2052
6002) 7/288
6003) 4250
6004) 3544'739/1700
6005) 19101285
6006) 41/900
6007) 47'19/20
6008) 5394
6009) 74
6010) 913
6011) 743325
6012) 4598
6013) 5972'17/22
6014) 105
6015) 7260
6016) 1313'2941/9844
6017) 4122'124/477
6018) 71'736/7663
6019) 125'5/44
6020) 833
6021) 176
6022) 33
6023) 128970'19/50
6024) 806
6025) 857'653/1656
6026) 23
6027) 38/553
6028) 34533'1/5
6029) 28
6030) 1768'8/75
6031) 136
6032) 84105
6033) 2254
6034) 24360
6035) 64
6036) 115'61/186
6037) 86
6038) 60030
6039) 938
6040) 82
6041) 175'335/336
6042) 88004'2/5
6043) 34276
6044) 3950
6045) 1051'11/17
6046) 81
6047) 38'1/2
6048) 7
6049) 1138'629/1225
6050) 25/328
6051) 82'3/34
6052) 10'52/93
6053) 120
6054) 1287
6055) 265
6056) 11/14
6057) 289170
6058) 81'1/28
6059) 5916
6060) 4241'57/83
6061) 219
6062) 5025
6063) 25
6064) 1513
6065) 17/1562
6066) 3086'1093/2890
6067) 39/1216
6068) 47/48
6069) 3859'1337/1955
6070) 114
6071) 43/273
6072) 2082432
6073) 57
6074) 24'3321957/6216760
6075) 1800'5/9
6076) 86/119
6077) 34'44/79
6078) 6'19/3528
6079) 18'8/27
6080) 84'74/127
6081) 12255/13312
6082) 2002
6083) 19741/30606
6084) 356100'3/14
6085) 20'23/38
6086) 32/65
6087) 13'79/609
6088) 103
6089) 2720
6090) 1581580
6091) 3087
6092) 9265
6093) 4551
6094) 12439
6095) 4158
6096) 66'11/14
6097) 498/1159
6098) 296486'34/133
6099) 5/72
6100) 2491
6101) 1/168
6102) 1153'49/158
6103) 103262
6104) 4881'3/19
6105) 293322
6106) 1804'5/11
6107) 3128
6108) 4035/5774
6109) 1'584/1003
6110) 100
6111) 5418
6112) 27
6113) 17
6114) 82
6115) 4794
6116) 2678
6117) 70
6118) 81
6119) 2266'211/376
6120) 2333591/12818376
6121) 333165
6122) 190'5/49
6123) 16'16/31
6124) 238680
6125) 2454'2531/11844
6126) 1'946903/15135680
6127) 4/23
6128) 1626
6129) 2865408
6130) 2222
6131) 66'34/131
6132) 74
6133) 27
6134) 5297'3533/4416
6135) 21'79477/153586
6136) 136'353/711
6137) 514679/2522250
6138) 19577'1019/1200
6139) 892/2355
6140) 279517/340608
6141) 5467
6142) 338'14/47
6143) 1642'226820/836307
6144) 750
6145) 75'577447/1045228
6146) 7845'9/1189
6147) 1764
6148) 2240
6149) 1872
6150) 41
6151) 337575'1255/1463
6152) 58'158779/159562
6153) 90
6154) 1088/107573
6155) 559'1272/2135
6156) 410039'37/70
6157) 1079'1/3
6158) 8795
6159) 34/61
6160) 33
6161) 198'20/391
6162) 122
6163) 1'999/1502
6164) 1560
6165) 10507
6166) 82
6167) 3854
6168) 601425
6169) 32
6170) 504
6171) 67/2464
6172) 154'57/91
6173) 5246'1/10
6174) 1223
6175) 2294
6176) 1307
6177) 1'49/93
6178) 4/79
6179) 337440
6180) 13125
6181) 8727'51/77
6182) 1092
6183) 1
6184) 1782
6185) 106'1/2
6186) 3559'11/46
6187) 58'2/29
6188) 135
6189) 57/88
6190) 3528
6191) 49
6192) 14'20/77
6193) 10'1511/1881
6194) 78'3/4
6195) 5/54
6196) 882
6197) 3223/9390
6198) 22
6199) 5436'4/31
6200) 745
6201) 1378'62/91
6202) 1213'29/207
6203) 46'4417/34225
6204) 918
6205) 1163/2242
6206) 1740
6207) 166
6208) 105'15/59
6209) 2428'2/97
6210) 2809'95/128
6211) 6774
6212) 36'28/45
6213) 89'61/88
6214) 36'6/25
6215) 5198
6216) 228
6217) 16000
6218) 241'39412/48015
6219) 184/633
6220) 2730
6221) 140
6222) 270
6223) 132066
6224) 35'6/7
6225) 1/431
6226) 150
6227) 478
6228) 6893'5/8
6229) 1528'5/11
6230) 289/1385
6231) 113
6232) 4086'212/225
6233) 2/117
6234) 18'80/97
6235) 3277'1958707/2816428
6236) 79
6237) 304200
6238) 181
6239) 77/122
6240) 36/43
6241) 14500
6242) 75'17/504
6243) 29
6244) 18
6245) 25
6246) 39
6247) 212'5/9
6248) 23/57
6249) 221
6250) 23643/2184644
6251) 31/41
6252) 257414'31/648
6253) 64
6254) 13
6255) 99
6256) 133
6257) 158
6258) 1033'65/1368
6259) 2400
6260) 234
6261) 68
6262) 615696'4/13
6263) 56160
6264) 4'6/41
6265) 101184
6266) 159
6267) 176
6268) 7637'205/406
6269) 246
6270) 24'25/39
6271) 1'11731/41514
6272) 2659'43/85
6273) 28'196/475
6274) 437/765
6275) 231
6276) 76'21/31
6277) 2062'2/3
6278) 5910'51/292
6279) 7764'1773/2728
6280) 169'7/47
6281) 490
6282) 10/13
6283) 1222/1473
6284) 3816'49/96
6285) 7/8
6286) 73
6287) 4165
6288) 59'397/407
6289) 42
6290) 19'1/19
6291) 1/18
6292) 5925'107/126
6293) 50871'11/19
6294) 160
6295) 93312
6296) 70
6297) 7252
6298) 22'4259/30415
6299) 88146
6300) 9491580
6301) 3024
6302) 71'28/57
6303) 13904
6304) 1227
6305) 99'37/81
6306) 7/407
6307) 71'7/8
6308) 148
6309) 36'20/87
6310) 6045
6311) 174930
6312) 2528512/59442903
6313) 108'1/2
6314) 1/2
6315) 24476'316/759
6316) 41
6317) 41/42
6318) 169
6319) 1895'7/18
6320) 4557
6321) 3636'339/611
6322) 1031'73039/483975
6323) 4732213/197479296
6324) 60'249/1474
6325) 5837'25/51
6326) 112143'17/69
6327) 67
6328) 268
6329) 451
6330) 573060
6331) 742'121/1704
6332) 21/142
6333) 7/57
6334) 3577'7/9
6335) 1695/2867
6336) 1915'47/62
6337) 145
6338) 10/1313
6339) 230/1053
6340) 190444
6341) 77'5/27
6342) 7/31
6343) 17'2283/2392
6344) 4641'1/4
6345) 3920
6346) 109975
6347) 10808'8/21
6348) 3734
6349) 31/3730
6350) 174'1397/16520
6351) 694
6352) 69
6353) 32'2/3
6354) 725/5772
6355) 160
6356) 32/621
6357) 2569'178/435
6358) 5135
6359) 17/805
6360) 3852'155/1748
6361) 89
6362) 3672
6363) 1400
6364) 3615'17/35
6365) 143'5173/6460
6366) 1/5
6367) 47'1/2
6368) 177
6369) 94'3/7
6370) 58276
6371) 16544
6372) 63196
6373) 2832
6374) 7570'3/13
6375) 174
6376) 1700
6377) 2278'44/49
6378) 3497
6379) 41'20/79
6380) 36
6381) 3121'31/98
6382) 166
6383) 13/24
6384) 186/5035
6385) 200'87/704
6386) 63
6387) 7
6388) 209
6389) 53'1/12
6390) 2747/5415
6391) 65'29185/39066
6392) 45'277/5271
6393) 109
6394) 63
6395) 27
6396) 115
6397) 92
6398) 149
6399) 154'1473/1820
6400) 104
6401) 58'2/15
6402) 6650
6403) 8/51
6404) 67/438
6405) 32'211/792
6406) 5
6407) 26'15/208
6408) 39'13/42
6409) 16
6410) 27/83
6411) 5323010/103880061
6412) 5246'83/164
6413) 97
6414) 26936
6415) 7/576
6416) 3'4869/14689
6417) 3641
6418) 364'1/3
6419) 97
6420) 151
6421) 290'67/506
6422) 345'1279/11286
6423) 7995'9/100
6424) 676
6425) 38'63/64
6426) 2632
6427) 2233
6428) 2073'24/85
6429) 203
6430) 90
6431) 143'7/52
6432) 178'1631/4346
6433) 86'341/702
6434) 35857/558129
6435) 5046691'1/2
6436) 76'7/89
6437) 57
6438) 53
6439) 92
6440) 64'12/17
6441) 340
6442) 12946'12591/14476
6443) 119
6444) 110'86/105
6445) 220'4/17
6446) 88
6447) 3'70/97
6448) 52/99
6449) 1699
6450) 11/49
6451) 3491
6452) 371'263/434
6453) 25/1064
6454) 1178'2/11
6455) 4884
6456) 131
6457) 119
6458) 7825'331/539
6459) 1446'22/47
6460) 4274'5/9
6461) 9405
6462) 942'28/73
6463) 2366
6464) 1509
6465) 1382'8/13
6466) 41/1420
6467) 3/40
6468) 98
6469) 5400
6470) 155
6471) 6699
6472) 56'12/89
6473) 594
6474) 1477
6475) 945/1012
6476) 68
6477) 2546'62/75
6478) 74176'19/124
6479) 540
6480) 6072
6481) 97'4/13
6482) 99536
6483) 3/196
6484) 5653'41/91
6485) 168
6486) 7'133511/168388
6487) 44'56/69
6488) 3772
6489) 4036'397/638
6490) 63/92
6491) 10
6492) 3/7
6493) 8080'16/63
6494) 3/14
6495) 118'18/37
6496) 4028'13/42
6497) 74'5/17
6498) 22'13437/15752
6499) 41'59/2470
6500) 1784'197/874
6501) 93'25247/99064
6502) 2409/7904
6503) 520
6504) 89'26103/39805
6505) 4104
6506) 6314/63365
6507) 6370
6508) 223256
6509) 37/38
6510) 59/4960
6511) 3077/95040
6512) 8/29
6513) 31682
6514) 1009
6515) 1176'27/71
6516) 61'173/621
6517) 35568
6518) 406/4465
6519) 82'67/90
6520) 107
6521) 424
6522) 19200
6523) 356'16/25
6524) 70
6525) 43'2/13
6526) 47
6527) 13'183/3818
6528) 17/18
6529) 3580
6530) 1392/33869
6531) 67
6532) 0
6533) 69/289
6534) 27'71/83
6535) 94
6536) 13/3696
6537) 575
6538) 69
6539) 73'425/684
6540) 192
6541) 96320
6542) 14'1/2
6543) 265/1195632
6544) 798
6545) 132
6546) 828'3/4
6547) 38
6548) 877
6549) 340'13/62
6550) 3031
6551) 36413'5/117
6552) 21'490/3033
6553) 63
6554) 3064
6555) 11/4176
6556) 884
6557) 122840
6558) 49'69/85
6559) 81
6560) 50'1/8
6561) 39'2/3
6562) 558
6563) 3953
6564) 15
6565) 1794/4222471
6566) 9228
6567) 2635'3/4
6568) 2059200
6569) 100548
6570) 79
6571) 5820
6572) 7/97
6573) 14'5851/9352
6574) 1079/2231
6575) 161
6576) 709'13/23
6577) 5888
6578) 32/3071
6579) 31
6580) 300
6581) 75'9/32
6582) 6588
6583) 5094
6584) 45
6585) 150
6586) 1393'1883/6229
6587) 54
6588) 3180
6589) 1852'16/19
6590) 6237
6591) 35/4436
6592) 11690
6593) 1280
6594) 44'12/17
6595) 155
6596) 13/182932
6597) 47/3773
6598) 68'4757/4890
6599) 782
6600) 141/37810
6601) 116
6602) 166192
6603) 4462
6604) 5/264
6605) 68'185/1428
6606) 44'2/3
6607) 101
6608) 10
6609) 114'810/4309
6610) 112
6611) 127
6612) 13/63
6613) 119'1872/5251
6614) 528
6615) 58
6616) 3048
6617) 103'21/53
6618) 1342'99/130
6619) 31
6620) 2739
6621) 193
6622) 29/2376
6623) 83
6624) 481
6625) 4992
6626) 9/17
6627) 24'1/9
6628) 1091'6/83
6629) 61'5/7
6630) 42780
6631) 2519
6632) 163'28/59
6633) 357000
6634) 1/176
6635) 62
6636) 2187'33/53
6637) 3'4/31
6638) 60'3157/5244
6639) 2430
6640) 154'3/4
6641) 26/237
6642) 121/165984
6643) 50
6644) 61/97
6645) 161
6646) 26/47
6647) 1683
6648) 90'4/29
6649) 185256
6650) 33
6651) 946
6652) 120'28/45
6653) 8'37/50
6654) 251289'29/66
6655) 4/15
6656) 120
6657) 7400
6658) 98735
6659) 1/4
6660) 7189
6661) 6193'733/1786
6662) 94236'19/71
6663) 91'81/2479
6664) 8/31
6665) 89/94
6666) 65'37/45
6667) 273/332
6668) 112'765/1126
6669) 26/2401
6670) 420
6671) 11062'2/61
6672) 52
6673) 448
6674) 155
6675) 43'7531/9483
6676) 19840
6677) 18/23
6678) 213
6679) 4361'31/33
6680) 17'43/57
6681) 26'32/43
6682) 88'269/1110
6683) 5/122
6684) 46'8/45
6685) 6/11
6686) 1165'7/95
6687) 896
6688) 9380
6689) 3620428
6690) 7'369/1079
6691) 10395
6692) 3328
6693) 72
6694) 5'21/22
6695) 8024'13031/25080
6696) 49/111
6697) 153720
6698) 58
6699) 6123
6700) 228
6701) 7232666/13241429
6702) 153
6703) 388'17/38
6704) 126
6705) 2148'3/10
6706) 1377'1/2
6707) 4505
6708) 63
6709) 33
6710) 62
6711) 43'31/78
6712) 104
6713) 2'837/946
6714) 24'8/9
6715) 59
6716) 94'5845040/6954073
6717) 2040
6718) 13'5/42
6719) 3341'66/67
6720) 4631'47/97
6721) 74
6722) 40'13/90
6723) 10548'3/4
6724) 186969'39/97
6725) 2111'7/73
6726) 2965
6727) 2770'8/9
6728) 1
6729) 50'58/1855
6730) 110
6731) 64
6732) 16/24255
6733) 2650
6734) 108'105/416
6735) 279
6736) 112
6737) 114'5/6
6738) 49'21/3100
6739) 2562
6740) 1267
6741) 2118'71/75
6742) 2674'9/20
6743) 76'1/3
6744) 2966'6/11
6745) 8249/11200
6746) 12932
6747) 131
6748) 132
6749) 1/910
6750) 3968
6751) 52
6752) 162892
6753) 24
6754) 10621'32/247
6755) 5280
6756) 259
6757) 5046
6758) 7333
6759) 3285
6760) 26'16/91
6761) 16/1205
6762) 160802
6763) 18'22182/27125
6764) 4875
6765) 534'11/16
6766) 37/48
6767) 7980/19151
6768) 97/134
6769) 4470
6770) 4136
6771) 123
6772) 78321
6773) 10
6774) 6289'10/69
6775) 1950
6776) 31
6777) 2/11
6778) 33
6779) 2628
6780) 20'8/43
6781) 27/28
6782) 2438
6783) 82'9/32
6784) 53
6785) 13
6786) 852
6787) 3304
6788) 2'50/81
6789) 85/11211
6790) 127
6791) 60480
6792) 188912'619/5980
6793) 188
6794) 171
6795) 182'23/25
6796) 249116
6797) 13650
6798) 17/18
6799) 854
6800) 14
6801) 21'1/2
6802) 79'201/212
6803) 104
6804) 192
6805) 310976/33498045
6806) 18/3479
6807) 1662'21/23
6808) 2478
6809) 840
6810) 75693/297920
6811) 4134
6812) 23
6813) 49558'2597/6815
6814) 88'4/19
6815) 717'333/871
6816) 71'7/99
6817) 60
6818) 6028'43/44
6819) 2
6820) 23
6821) 15/37
6822) 46
6823) 6
6824) 3403/18424
6825) 391'55/62
6826) 7296
6827) 1133'697067/5021360
6828) 12'1/2
6829) 110
6830) 80
6831) 52
6832) 31
6833) 34
6834) 4935
6835) 18'4136929/4291056
6836) 4048
6837) 90'31/42
6838) 16'108/1157
6839) 43'43/72
6840) 96
6841) 7
6842) 773'3/17
6843) 3220'1/4
6844) 77/89
6845) 34
6846) 3/5
6847) 17983/31088
6848) 118
6849) 2732'13/20
6850) 54082'1037/1659
6851) 2883
6852) 1/24
6853) 11442/14539
6854) 2408
6855) 3920
6856) 124
6857) 14410'495/1118
6858) 192
6859) 39
6860) 159
6861) 1589
6862) 2623
6863) 132
6864) 698'229/621
6865) 8
6866) 155'5/39
6867) 13050
6868) 238
6869) 1451/1872
6870) 60'4/11
6871) 24'56/87
6872) 41'75/89
6873) 247/1499
6874) 173
6875) 81
6876) 39730
6877) 62
6878) 115
6879) 43/1081
6880) 1'9/61
6881) 77'6/7
6882) 240
6883) 60'271/387
6884) 7
6885) 3318
6886) 25
6887) 2243/2494
6888) 135
6889) 15326'6/19
6890) 71/2758
6891) 9/23
6892) 1'5392360/6671679
6893) 2993
6894) 8231
6895) 49/1404
6896) 109
6897) 1'89/187
6898) 5035
6899) 1216917/31676246
6900) 165
6901) 23698/1887761
6902) 1180'1729/3384
6903) 73'57/98
6904) 27
6905) 165'10618/11985
6906) 2444
6907) 110'28/37
6908) 435'7298/7505
6909) 3930'30/89
6910) 21
6911) 1875/176839
6912) 321925'79/672
6913) 840
6914) 152
6915) 7810
6916) 298862
6917) 18'10/19
6918) 15525
6919) 22496
6920) 4367
6921) 17
6922) 4138
6923) 10591
6924) 43/87
6925) 30'1/2115
6926) 796'13/22
6927) 238
6928) 9'1/15
6929) 55
6930) 3121
6931) 19/41
6932) 85'52807/52830
6933) 2280
6934) 59488/121619
6935) 89/6075
6936) 88'6/25
6937) 3942'3/86
6938) 1206
6939) 10'1467602/1697081
6940) 62480/71523
6941) 15
6942) 27
6943) 205
6944) 136
6945) 4973'2/3
6946) 6/25
6947) 237
6948) 122'21/32
6949) 167
6950) 171
6951) 6611
6952) 49
6953) 165'4733/12236
6954) 3306
6955) 5728
6956) 155
6957) 8060
6958) 52
6959) 6286'869/2457
6960) 75152
6961) 497'1530/2021
6962) 19/27
6963) 142
6964) 74
6965) 87125
6966) 4690
6967) 4677'8/13
6968) 28'7/83
6969) 89
6970) 67
6971) 159'36/47
6972) 2/23
6973) 41'2279/3718
6974) 187866
6975) 56
6976) 3744
6977) 51/77
6978) 1983
6979) 3841'17/56
6980) 33
6981) 76/2911
6982) 10230/10339
6983) 702
6984) 26/41
6985) 33/46
6986) 2356/5469
6987) 22229/45985
6988) 123
6989) 2652
6990) 66'68/79
6991) 6097'255/3337
6992) 3667
6993) 126'487/1221
6994) 478848
6995) 5182
6996) 38'423/748
6997) 2771/12636
6998) 2730
6999) 86'38/87
7000) 42'225/247
7001) 28'4/11
7002) 50876
7003) 3445
7004) 19'14/45
7005) 23/2233
7006) 2314'19/27
7007) 438
7008) 6230'14/15
7009) 44'302948/2288183
7010) 67
7011) 73152/203203
7012) 90720
7013) 1465
7014) 23/683
7015) 152064
7016) 144'75613/392616
7017) 96
7018) 16/33
7019) 278
7020) 5885
7021) 6664
7022) 53
7023) 7/1450
7024) 1708
7025) 2/9
7026) 82375
7027) 5651'45/46
7028) 150'23/41
7029) 68'18292/18473
7030) 2/15
7031) 6'417/434
7032) 231660
7033) 1/10560
7034) 22
7035) 198166'26/73
7036) 59682
7037) 348644'4/59
7038) 1299/1456
7039) 50'132/155
7040) 26
7041) 1287
7042) 54'1/2
7043) 911
7044) 5399
7045) 2680
7046) 25/28
7047) 26516/41115
7048) 65
7049) 18'9/16
7050) 96'79/3922
7051) 5229
7052) 72
7053) 17928
7054) 122
7055) 7/22
7056) 2553'3/4
7057) 5/282
7058) 19/3234
7059) 16/1677
7060) 49'6/49
7061) 15'3/5
7062) 93937'1/2
7063) 1856
7064) 37'29/5025
7065) 159'249/400
7066) 107'179/1050
7067) 532
7068) 5/8811
7069) 2567
7070) 643
7071) 1300'9/13
7072) 236
7073) 2596
7074) 127
7075) 35'63/67
7076) 16915
7077) 160/293
7078) 51
7079) 6151
7080) 126
7081) 26
7082) 48'34/63
7083) 149
7084) 69888
7085) 127
7086) 45/176
7087) 135
7088) 25'11/570
7089) 110
7090) 5400
7091) 27'17/46
7092) 115'67/80
7093) 55'33/65
7094) 3884832
7095) 115'11/23
7096) 175032
7097) 4845
7098) 19'8/25
7099) 3348
7100) 660
7101) 18'26/43
7102) 134'4/7
7103) 101'5/46
7104) 159'1995597/2017610
7105) 258
7106) 6056'141/175
7107) 3160655/246237264
7108) 27'23/91
7109) 88
7110) 2793
7111) 4'295739/316332
7112) 62'107/220
7113) 880'6/11
7114) 4'11/13
7115) 573'3/19
7116) 51'22796/33761
7117) 2876
7118) 8010
7119) 97
7120) 21
7121) 6098'1912/1925
7122) 35378'2974/3397
7123) 6972
7124) 122
7125) 216
7126) 17'4/5
7127) 561'1253/1872
7128) 11
7129) 13
7130) 5869'6/23
7131) 53'29/45
7132) 2024/7499
7133) 54
7134) 542897'8/11
7135) 1067/4368
7136) 2941'523/737
7137) 47
7138) 111'20/33
7139) 172'3929/4067
7140) 916'1/2
7141) 4523'5/17
7142) 110'37/47
7143) 5/847
7144) 1883
7145) 27'19/45
7146) 8793
7147) 0
7148) 8'24/61
7149) 23277'28/39
7150) 28/57
7151) 121
7152) 54
7153) 142
7154) 315
7155) 6/13
7156) 10
7157) 73
7158) 5
7159) 44356
7160) 5652'4/13
7161) 2/57
7162) 7/15
7163) 169
7164) 99/6497
7165) 102'12/25
7166) 50'2/89
7167) 33'38/47
7168) 1170'29/89
7169) 6356
7170) 9660
7171) 75'118490/222849
7172) 25993'73953/190400
7173) 114
7174) 23'1/5
7175) 226'6/17
7176) 4371
7177) 103'107/345
7178) 1'11/23
7179) 75
7180) 163/2622
7181) 89'596/675
7182) 79/5184
7183) 77'29/61
7184) 57/82
7185) 26'24/43
7186) 57'3773/39630
7187) 32/55
7188) 179
7189) 52'7/8
7190) 11'90/91
7191) 83/3724
7192) 325
7193) 81617/105450
7194) 61
7195) 20'13/22
7196) 3419
7197) 69
7198) 49'2/27
7199) 128
7200) 1903
7201) 114
7202) 9028
7203) 950
7204) 125
7205) 16'181/1496
7206) 5403'509/700
7207) 35'153314/199869
7208) 3569
7209) 2340
7210) 169'22/29
7211) 71
7212) 482819/718272
7213) 3572
7214) 11/26
7215) 3822
7216) 196
7217) 5440
7218) 781
7219) 1738'6284/7469
7220) 10567'1367/3040
7221) 112
7222) 145
7223) 551304
7224) 151'139/2294
7225) 1480
7226) 4483'1/8
7227) 62
7228) 1095
7229) 2512
7230) 192
7231) 23'219/8648
7232) 8'2/77
7233) 2009'15/64
7234) 7175'13/19
7235) 137
7236) 9549
7237) 141
7238) 3811/7553
7239) 46/95
7240) 73'6/7
7241) 21
7242) 1634
7243) 133
7244) 59'51/52
7245) 3567
7246) 2574
7247) 5296'104/133
7248) 1549830/1576393
7249) 3263
7250) 99
7251) 32/35
7252) 96
7253) 42
7254) 110'91/2544
7255) 98'64/67
7256) 324'6317/7954
7257) 2147'61/80
7258) 2011/2176
7259) 4370432
7260) 134
7261) 137
7262) 169'7/13
7263) 58'35/44
7264) 100
7265) 1157
7266) 167700
7267) 492/737
7268) 44'35499/35824
7269) 9
7270) 1164
7271) 3594
7272) 65'4/9
7273) 2171070
7274) 286741/880896
7275) 62'14276/34447
7276) 11532
7277) 259
7278) 2856
7279) 1008
7280) 1869
7281) 839'334/1105
7282) 131
7283) 406/1965
7284) 113'871/1475
7285) 5'11/24
7286) 549'73/115
7287) 181'171734/835791
7288) 41
7289) 45
7290) 1152/12635
7291) 1/144
7292) 16/5829
7293) 75/79
7294) 1058
7295) 880
7296) 252000
7297) 90'79/112
7298) 42'9/49
7299) 8754'44/45
7300) 46/387
7301) 2200
7302) 70
7303) 35'35/93
7304) 125
7305) 72'1/26
7306) 41'11/24
7307) 3843
7308) 112'1467/5320
7309) 7783'281/1000
7310) 1260
7311) 77
7312) 6120
7313) 2817'2087/2607
7314) 88
7315) 70
7316) 1480
7317) 103
7318) 16/19
7319) 3337215/6850861
7320) 42
7321) 25/39
7322) 3584
7323) 54/79
7324) 63/107
7325) 1814'947/3108
7326) 66194'979/1292
7327) 57
7328) 83
7329) 15
7330) 158
7331) 6754'37/59
7332) 134
7333) 7144
7334) 580
7335) 121
7336) 5516
7337) 5825
7338) 14008/26037
7339) 42'15/47
7340) 1232
7341) 37/47
7342) 49
7343) 97097
7344) 4
7345) 3'53/144
7346) 1934
7347) 36
7348) 785'23/285
7349) 989
7350) 40'84/95
7351) 2220'289/2336
7352) 991'52811/57798
7353) 97524
7354) 8'127/156
7355) 67'46/65
7356) 2926'15/31
7357) 7/1480
7358) 202
7359) 105
7360) 6712'619/1147
7361) 5/533
7362) 41472
7363) 65
7364) 6
7365) 7'907/2496
7366) 49
7367) 37/40
7368) 31/44
7369) 51/2740
7370) 858
7371) 3180'14/75
7372) 195
7373) 196
7374) 11328
7375) 4615
7376) 121699'24193/32453
7377) 206
7378) 26'19/23
7379) 45
7380) 72852'84/209
7381) 5546/988959
7382) 7267/17655
7383) 66
7384) 950'9/29
7385) 4071
7386) 393638
7387) 179
7388) 84
7389) 204
7390) 86
7391) 1344
7392) 7'969/3478
7393) 70'235/356
7394) 110
7395) 155
7396) 19'1/13
7397) 2520
7398) 78
7399) 41/91
7400) 3868'9943/16975
7401) 860
7402) 2278
7403) 209622
7404) 4421
7405) 504
7406) 4079
7407) 97
7408) 100/6303
7409) 3147
7410) 11/56
7411) 44
7412) 1247
7413) 4689
7414) 2143
7415) 138663
7416) 51
7417) 1530
7418) 1'179/598
7419) 21'7/29
7420) 4939'22/47
7421) 88/1817
7422) 596'17/84
7423) 60424
7424) 1605
7425) 1394
7426) 674
7427) 90'40049/61410
7428) 8125/17801
7429) 70966'41/49
7430) 40824
7431) 3'9/25
7432) 5512/34103
7433) 36
7434) 4/15
7435) 618240
7436) 869'803/5278
7437) 36
7438) 117'562/1107
7439) 13475/19108
7440) 39'54/73
7441) 23'3/37
7442) 144'3/10
7443) 26928
7444) 498
7445) 129
7446) 2
7447) 160
7448) 212
7449) 1726'2/33
7450) 150'367/609
7451) 181700
7452) 200
7453) 115
7454) 5571'3037/5733
7455) 3420
7456) 48'1201616/3006153
7457) 73/182325
7458) 23/32
7459) 43
7460) 37
7461) 32'6568/9555
7462) 640
7463) 73/253
7464) 1275'1/4
7465) 147
7466) 2268
7467) 43
7468) 4366
7469) 1486'1/10
7470) 19/839232
7471) 145
7472) 2232/4523
7473) 3308
7474) 7790/14189
7475) 126'5/17
7476) 170493/7046725
7477) 117'50/67
7478) 617'8/11
7479) 69
7480) 14'38027/70616
7481) 288
7482) 21/76
7483) 171'1/69
7484) 355488
7485) 18
7486) 112
7487) 3450
7488) 1325
7489) 81/412
7490) 2316'12/23
7491) 318720
7492) 26'1/4
7493) 8
7494) 63
7495) 1161
7496) 1430
7497) 124'23/24
7498) 9/152
7499) 3'39/68
7500) 7760480
7501) 33
7502) 64
7503) 89'2369/4233
7504) 80
7505) 59/672
7506) 96812
7507) 6'14/17
7508) 5199
7509) 4050
7510) 33
7511) 5605
7512) 10050
7513) 38
7514) 182'59/105
7515) 58
7516) 147
7517) 43/4134
7518) 1121
7519) 224
7520) 46
7521) 21'5/22
7522) 1/180
7523) 5702
7524) 22'8/23
7525) 64
7526) 118'19657/25632
7527) 3486996'27/38
7528) 6/37
7529) 3438
7530) 37/64
7531) 65
7532) 4806
7533) 3067
7534) 3542/1346475
7535) 11319
7536) 56'83/91
7537) 8/1311
7538) 142
7539) 5772'75/143
7540) 22
7541) 20
7542) 42
7543) 93'5/44
7544) 20/31
7545) 2529
7546) 13
7547) 2206'1/2
7548) 676622'11/12
7549) 3895'7/57
7550) 640
7551) 3251'57/605
7552) 533/3682
7553) 8131/27279
7554) 1400
7555) 1/45
7556) 9880
7557) 852
7558) 66/67
7559) 22'17/73
7560) 2008
7561) 17248
7562) 91/3069
7563) 3362
7564) 240'5053/11515
7565) 373'232/357
7566) 68
7567) 189486
7568) 85
7569) 180
7570) 55816
7571) 4/31
7572) 1828'22/83
7573) 2505510
7574) 110'18/29
7575) 306
7576) 1721
7577) 3420
7578) 8370
7579) 577'2203/5313
7580) 14208
7581) 56/89
7582) 602
7583) 972
7584) 2664
7585) 8645
7586) 198'6635/6716
7587) 1384
7588) 32'42/59
7589) 46/49
7590) 13
7591) 83042118/140997505
7592) 630
7593) 31'67/68
7594) 2006
7595) 4267'31/32
7596) 2460'2115/2116
7597) 3/221
7598) 1140
7599) 25/47
7600) 135'17/36
7601) 3213
7602) 31/34
7603) 1789'10/13
7604) 7/33
7605) 145180
7606) 65
7607) 10'55/72
7608) 418
7609) 160'46/83
7610) 266456/354729
7611) 10
7612) 51
7613) 491470
7614) 51'51/94
7615) 465
7616) 31'1085/1408
7617) 9/140
7618) 1'178/1323
7619) 21'17293/22204
7620) 1258
7621) 35/37
7622) 4118'9/11
7623) 54415'55/71
7624) 52
7625) 127
7626) 56'9/31
7627) 79'11/24
7628) 12480'66/79
7629) 4/51
7630) 61/7980
7631) 78/113
7632) 3/5
7633) 68
7634) 143
7635) 49'24/41
7636) 84
7637) 61'27/88
7638) 28733'8/25
7639) 23/114
7640) 3536
7641) 123
7642) 4/95
7643) 19985/29739
7644) 936380'16169/24983
7645) 43920'8/17
7646) 3861
7647) 1716
7648) 86
7649) 60125/36679392
7650) 79/132
7651) 13'29/85
7652) 40320
7653) 26/55
7654) 59
7655) 43'3/35
7656) 88
7657) 21'91/96
7658) 24'1208/6283
7659) 1171/5800
7660) 188
7661) 3069
7662) 95
7663) 85
7664) 5643
7665) 69364'29/247
7666) 4220'25/33
7667) 6630
7668) 2142'7/9
7669) 37/3285
7670) 136752
7671) 1044'3/4
7672) 4
7673) 409640
7674) 2834'41/235
7675) 194
7676) 11/61
7677) 4251
7678) 135
7679) 110
7680) 2320
7681) 406889/1614488
7682) 4044
7683) 77
7684) 6
7685) 398'55/92
7686) 48'10/13
7687) 1680/2687
7688) 160'5161/5626
7689) 25/68476
7690) 118'1/4
7691) 867/1132
7692) 460788
7693) 0
7694) 85
7695) 2956'1/2
7696) 159491'1738/4087
7697) 211140
7698) 303021
7699) 50'3/16
7700) 21/68
7701) 44
7702) 13'187805/298207
7703) 59
7704) 11571'7/9
7705) 1828
7706) 19/47
7707) 27/14060
7708) 2114
7709) 62'79/116
7710) 24/29
7711) 103
7712) 83
7713) 166150'148/375
7714) 496'63/100
7715) 64'5/24
7716) 220
7717) 46
7718) 591
7719) 13/76494
7720) 65'81/88
7721) 42/127
7722) 896
7723) 3196
7724) 18'9/92
7725) 72979/122656
7726) 6
7727) 1760
7728) 1010
7729) 2625
7730) 9984
7731) 2897
7732) 3607'4/5
7733) 351/881
7734) 516600
7735) 13/2720
7736) 350
7737) 126
7738) 2084'13/19
7739) 31'1/2
7740) 44
7741) 720
7742) 1333/714384
7743) 513196'59/60
7744) 1'713/1513
7745) 2688
7746) 85
7747) 7
7748) 1040
7749) 41
7750) 13
7751) 55
7752) 6/679
7753) 5'11738/58795
7754) 3432
7755) 97
7756) 93'14/29
7757) 6688
7758) 1938
7759) 2028
7760) 61
7761) 1334'1/22
7762) 31
7763) 3125'953/1404
7764) 30
7765) 46/51
7766) 2'1236/3451
7767) 96'27/47
7768) 6695
7769) 2423'1/13
7770) 118
7771) 440
7772) 382448
7773) 3101
7774) 4867
7775) 1330
7776) 3224
7777) 293790'14/23
7778) 3873'38/39
7779) 127'1/2
7780) 10'1/11
7781) 231
7782) 85'15/16
7783) 99
7784) 61128'119/190
7785) 4599
7786) 154'50/87
7787) 72
7788) 84'2714/3149
7789) 15'8/25
7790) 58'16/83
7791) 87
7792) 1/14
7793) 5720'48/85
7794) 2576'5566/9709
7795) 842'53/89
7796) 44946/111475
7797) 73
7798) 6'7/37
7799) 221433'23/65
7800) 17'9/13
7801) 4557
7802) 8272/1013607
7803) 115'3/28
7804) 66'11469/27260
7805) 1066
7806) 302881
7807) 197
7808) 25
7809) 182'1/19
7810) 1127
7811) 165
7812) 29
7813) 9833
7814) 957
7815) 25/71
7816) 68'43/66
7817) 137
7818) 574
7819) 8800/9183
7820) 2944'1835/2478
7821) 82'47149/119647
7822) 60'57/62
7823) 78/245
7824) 3349
7825) 2470
7826) 166
7827) 71
7828) 2827'50801/62700
7829) 3380'43/166
7830) 691'4/19
7831) 4000
7832) 560
7833) 65
7834) 65'2126/2793
7835) 5694
7836) 55
7837) 10416
7838) 32996'118616/120213
7839) 1273/1564
7840) 28'1/45
7841) 1127
7842) 101'1/5
7843) 94'29637/38330
7844) 6018/6935
7845) 904'76444/159953
7846) 16113'4446/31535
7847) 4508'26/53
7848) 84'79/89
7849) 87'3827/40590
7850) 18/943
7851) 95
7852) 1724
7853) 7
7854) 1476
7855) 2036'13/23
7856) 113
7857) 186
7858) 97
7859) 2703/4757
7860) 151919'61/1886
7861) 20'106903/135877
7862) 2366
7863) 339
7864) 17/4977
7865) 46'26/49
7866) 150
7867) 1694
7868) 42/61
7869) 351
7870) 2812'87/118
7871) 34428
7872) 148
7873) 3320
7874) 130
7875) 3069
7876) 137'541/1577
7877) 237
7878) 4
7879) 9971
7880) 84
7881) 249
7882) 23/40
7883) 44
7884) 58
7885) 156'19/126
7886) 23'8/9
7887) 6'389/483
7888) 141
7889) 9/80
7890) 2904
7891) 156
7892) 142
7893) 2878
7894) 3116/7167
7895) 171236
7896) 606056
7897) 35496
7898) 13328581'5747/6633
7899) 2651
7900) 8/9
7901) 2583'21/23
7902) 180894
7903) 135801/25567750
7904) 4233
7905) 100
7906) 6283
7907) 38/1491
7908) 18019/36891855
7909) 17272'157/356
7910) 6'9/10
7911) 6952/7369
7912) 75'2293/2871
7913) 136
7914) 88'127/693
7915) 23/170
7916) 20
7917) 107
7918) 13493376
7919) 305
7920) 186'1/6
7921) 23
7922) 36'7/10
7923) 158'3827/5369
7924) 14273/19272
7925) 75'6/19
7926) 1038400
7927) 41
7928) 3298
7929) 225
7930) 29'709/1085
7931) 3969
7932) 76
7933) 9424
7934) 84
7935) 46'9/23
7936) 158
7937) 62'37/79
7938) 2/27
7939) 264
7940) 4029
7941) 551012/50367033
7942) 529/3784
7943) 62/71
7944) 7/30
7945) 5353'21/46
7946) 390
7947) 67
7948) 35'5/7
7949) 6
7950) 44'81838/85725
7951) 34
7952) 80
7953) 2203
7954) 237
7955) 32
7956) 4599
7957) 8876'4/13
7958) 6810
7959) 234
7960) 150
7961) 114
7962) 9299
7963) 14'3/7
7964) 70'4819/4860
7965) 93
7966) 154
7967) 6076
7968) 712/18717
7969) 42
7970) 27/53
7971) 64411'4/13
7972) 2202'3/11
7973) 4/13
7974) 53'7/62
7975) 66
7976) 5109
7977) 6806
7978) 99
7979) 5/2009
7980) 1932
7981) 121
7982) 116
7983) 4/23
7984) 756'11/12
7985) 66780
7986) 2610/3283
7987) 13/224
7988) 6053'1/5
7989) 8991/35680
7990) 855/3016
7991) 37
7992) 15
7993) 4/14229
7994) 1353
7995) 1572
7996) 164145/323714
7997) 8/29
7998) 33275
7999) 73'118799/374808
8000) 93
8001) 11'3539/4410
8002) 4342'52/177
8003) 43
8004) 6757'1/2
8005) 3/56575
8006) 47'51/77
8007) 17836
8008) 231'3/14
8009) 1646'1/3
8010) 52606'1956/3055
8011) 50'82/83
8012) 4
8013) 98
8014) 128
8015) 1/528
8016) 99
8017) 2520
8018) 29
8019) 23'1981/7139
8020) 459
8021) 1664
8022) 76
8023) 351/254702
8024) 35/5734
8025) 88
8026) 94'25/33
8027) 1695
8028) 3'41/48
8029) 199
8030) 2247168
8031) 75/82
8032) 3979/6888
8033) 14/29
8034) 540
8035) 33/1216
8036) 12'36/97
8037) 32
8038) 33
8039) 89984
8040) 118
8041) 6144'1/165
8042) 38940
8043) 76
8044) 10260
8045) 80
8046) 123'573/715
8047) 892'52/53
8048) 2910'15/58
8049) 1'1533959/1844260
8050) 72'6/7
8051) 323/139930
8052) 1010
8053) 183786'18/19
8054) 1078
8055) 141
8056) 3
8057) 1299'67/96
8058) 160
8059) 11907/100010
8060) 1879'83/133
8061) 837
8062) 28'47/71
8063) 1039/1170
8064) 88'1/39
8065) 5882400
8066) 11/1134
8067) 1944
8068) 121
8069) 268'1/3
8070) 3/304
8071) 39'575/627
8072) 139
8073) 17/23
8074) 4517
8075) 550
8076) 14636016
8077) 498824'40/51
8078) 39
8079) 5520
8080) 1729/1760
8081) 30330
8082) 118
8083) 52'77337/8530720
8084) 19/89
8085) 83'50/51
8086) 1848
8087) 2/3
8088) 3238'53/63
8089) 91
8090) 4991
8091) 49'17307/35720
8092) 86'3/7
8093) 15
8094) 47/69
8095) 8581'37/62
8096) 150990'2/29
8097) 4954
8098) 4567'53/219
8099) 1'43/45
8100) 134
8101) 121
8102) 98
8103) 2768'737/1600
8104) 100
8105) 25'164686/189521
8106) 95
8107) 43'17/39
8108) 279
8109) 4650
8110) 141'15/16
8111) 4255875
8112) 48
8113) 51/58
8114) 134232
8115) 61'1/14
8116) 48'89/91
8117) 49
8118) 32'21/38
8119) 7296
8120) 59'1/2
8121) 5267
8122) 92'88/703
8123) 38'16/21
8124) 96
8125) 83'2/7
8126) 8'41/90
8127) 6'9/4094
8128) 219
8129) 41'39/46
8130) 17'29/43
8131) 5248
8132) 61/93
8133) 115'60/77
8134) 2584
8135) 8
8136) 3043
8137) 284725/2979072
8138) 123
8139) 1'34/89
8140) 546
8141) 54
8142) 133'35/38
8143) 78'698/3003
8144) 2'39/49
8145) 3648
8146) 118864
8147) 2752
8148) 6172
8149) 92
8150) 4'44/53
8151) 3491'32/65
8152) 11/78
8153) 47'12/23
8154) 34
8155) 6148'1303/2520
8156) 2
8157) 138'13/22
8158) 488
8159) 1189
8160) 107'5/12
8161) 157'52/77
8162) 42'151/376
8163) 16560
8164) 18'5/8
8165) 240
8166) 498'8/13
8167) 166
8168) 418880
8169) 864
8170) 3156
8171) 560
8172) 30'3/74
8173) 1901'1/4
8174) 343
8175) 3071
8176) 885
8177) 178
8178) 652155'3/53
8179) 109'471/608
8180) 24128
8181) 22/35
8182) 12/25
8183) 97'5951/56950
8184) 5646753
8185) 1140
8186) 3'4281/4436
8187) 5307'5/56
8188) 835
8189) 113
8190) 13090
8191) 14'38/53
8192) 96
8193) 204
8194) 6
8195) 54'16/21
8196) 15
8197) 35'3/8
8198) 13'11/42
8199) 160
8200) 2143
8201) 622'722/1105
8202) 3/544
8203) 10/11
8204) 1351350
8205) 152838
8206) 88
8207) 45/128
8208) 3550
8209) 1656
8210) 183/623
8211) 165
8212) 107'4/9
8213) 43/78
8214) 1971
8215) 17/52
8216) 28/319
8217) 1188
8218) 29/54
8219) 380
8220) 2671'7/11
8221) 1'241/495
8222) 87'23/40
8223) 113'23/55
8224) 57'7/19
8225) 5087'3/7
8226) 93'15/64
8227) 76'24/61
8228) 53'55/63
8229) 858
8230) 98'1077/2926
8231) 689
8232) 3/4
8233) 75
8234) 17929'11/13
8235) 13'3/5
8236) 13/2052
8237) 15480
8238) 6467
8239) 109'4/5
8240) 39594'33/83
8241) 294'239/3950
8242) 1404'3588/5063
8243) 46/1965
8244) 1276/2737
8245) 870'39/40
8246) 5
8247) 132/3325
8248) 5364'2287/4636
8249) 4091'1/34
8250) 75/124
8251) 92
8252) 167232
8253) 1848
8254) 79/6561
8255) 3666
8256) 69
8257) 28
8258) 8/51
8259) 129
8260) 15551'8/17
8261) 47/4361
8262) 150
8263) 2823'692/731
8264) 215
8265) 1368
8266) 848
8267) 6'1713/43168
8268) 10'17/23
8269) 455
8270) 2878
8271) 137'4/51
8272) 74'9/11
8273) 3999
8274) 72'2181/3740
8275) 5337
8276) 2528
8277) 5451
8278) 21'32/417
8279) 27/34
8280) 39
8281) 135
8282) 78
8283) 783/1060
8284) 59
8285) 18'1307/1314
8286) 8205198'13/36
8287) 97
8288) 789
8289) 6322
8290) 8/17
8291) 121'29/50
8292) 40'10613/13398
8293) 77'19/22
8294) 53
8295) 1/2
8296) 2804'7/11
8297) 199/1088
8298) 136'2367/3157
8299) 68
8300) 2040
8301) 7295
8302) 101574
8303) 876
8304) 52/55
8305) 5244
8306) 385
8307) 5696
8308) 7'1/2
8309) 8536
8310) 126'114/559
8311) 126
8312) 330
8313) 1454'212/469
8314) 2768/27625
8315) 1/16
8316) 4472496
8317) 780
8318) 124
8319) 175'344/1755
8320) 87'1/7
8321) 16/27
8322) 479/2992
8323) 1408/4491
8324) 30'19/24
8325) 50
8326) 7869
8327) 3042
8328) 39760
8329) 122'1/7
8330) 33
8331) 75
8332) 82'28/57
8333) 27
8334) 236572
8335) 3117'3/16
8336) 101
8337) 23'19/28
8338) 87
8339) 23/8084
8340) 58'40/87
8341) 351
8342) 2978
8343) 194
8344) 47/85
8345) 3/5
8346) 311494'31/71
8347) 5510'12/23
8348) 4211
8349) 85'13/16
8350) 126
8351) 21/73
8352) 68/8429
8353) 65127
8354) 25/54
8355) 152/781
8356) 7/50
8357) 9331'4/11
8358) 50'111/442
8359) 117
8360) 903/17186
8361) 3/4394
8362) 864'353/1260
8363) 57'7763/107136
8364) 6695
8365) 251/1952
8366) 5284'1/11
8367) 71'31/55
8368) 75
8369) 2808
8370) 49'7/10
8371) 33'31/92
8372) 120
8373) 860
8374) 13/22
8375) 3532
8376) 113
8377) 7/1164
8378) 1640
8379) 50
8380) 115'5/18
8381) 24081
8382) 267
8383) 133'5/6
8384) 3600
8385) 125'11/20
8386) 3696
8387) 4/697
8388) 140
8389) 957
8390) 34650
8391) 183'19/22
8392) 338'194/243
8393) 136704
8394) 19/50
8395) 20/29
8396) 157'29/31
8397) 29/7605
8398) 154'53/130
8399) 95469'43/63
8400) 32'53/85
8401) 69/131
8402) 108
8403) 95'1/6
8404) 30/37
8405) 153'481/990
8406) 89
8407) 92
8408) 4368
8409) 154671
8410) 3571
8411) 83'13/88
8412) 564284
8413) 7
8414) 69
8415) 29'39/59
8416) 41986'11/45
8417) 11020
8418) 17/19
8419) 2461
8420) 1'482/693
8421) 159236
8422) 22/247
8423) 6733
8424) 17/29
8425) 11760
8426) 115
8427) 13/15
8428) 95
8429) 93
8430) 1140
8431) 59/105
8432) 416'5/8
8433) 825'5/13
8434) 10431
8435) 53
8436) 86
8437) 33568'799/1350
8438) 9604
8439) 208
8440) 150
8441) 1045
8442) 96
8443) 6192'37/540
8444) 53'11/17
8445) 93/98
8446) 20672/808353
8447) 2'331/1001
8448) 48952
8449) 21
8450) 3783
8451) 56160
8452) 8299'20/51
8453) 224315
8454) 672'17/72
8455) 15'423/679
8456) 54'7/27
8457) 1'5/13
8458) 1419
8459) 1849
8460) 266
8461) 1/7
8462) 239'13/15
8463) 5/3096
8464) 97'7/41
8465) 71/95
8466) 1036
8467) 31467
8468) 20'59236211/65550897
8469) 2842
8470) 163'7/20
8471) 171
8472) 110
8473) 180
8474) 1/5
8475) 4080
8476) 9/23
8477) 29'1823/3038
8478) 3375
8479) 1585'1367/1501
8480) 1/517
8481) 4213'48/73
8482) 9195'9/10
8483) 56
8484) 851/1609
8485) 17/25
8486) 90'9/17
8487) 10304
8488) 3080
8489) 20'184/679
8490) 55'119/1104
8491) 108'71/91
8492) 2438
8493) 31
8494) 529975/968346
8495) 170
8496) 88'89/1984
8497) 60
8498) 151'1/6
8499) 1561
8500) 465696
8501) 1127'25/41
8502) 21'19/40
8503) 28
8504) 395/2407
8505) 78
8506) 62'1620/1691
8507) 11/17
8508) 122
8509) 17'13/272
8510) 83
8511) 15/164
8512) 299
8513) 24
8514) 13
8515) 114'92/231
8516) 55146
8517) 3309'17/60
8518) 3298
8519) 2817'4267/78498
8520) 7/15
8521) 43
8522) 98
8523) 2/33
8524) 1177'263/296
8525) 929'9/77
8526) 9/10
8527) 211'16/83
8528) 11
8529) 1728
8530) 635'77/89
8531) 19
8532) 1110
8533) 1040
8534) 452861'11/14
8535) 74
8536) 34
8537) 162
8538) 32589
8539) 132
8540) 43/48
8541) 1428'12/19
8542) 23'7/11
8543) 164
8544) 2607
8545) 69'17/19
8546) 1075840
8547) 3780
8548) 79
8549) 179'33/49
8550) 106'12/49
8551) 55
8552) 78'6/53
8553) 76'80/207
8554) 37/383990
8555) 103
8556) 3814
8557) 41
8558) 17333927'2171/2291
8559) 3720'77/83
8560) 46013
8561) 5251261/7654500
8562) 736'2/3
8563) 186
8564) 94
8565) 82
8566) 1058
8567) 3265'16/17
8568) 72
8569) 4204'4/7
8570) 975
8571) 4207
8572) 1575
8573) 19'3/80
8574) 399432
8575) 5610528
8576) 30'1/26
8577) 13/24
8578) 2382
8579) 223
8580) 2303
8581) 1890
8582) 467007'65/248
8583) 27
8584) 4236'7691/11704
8585) 149'64631/163344
8586) 21/89
8587) 144'8/37
8588) 3332
8589) 77
8590) 2'9/17
8591) 3009
8592) 302249'2569/2619
8593) 4158
8594) 227678
8595) 172'11/74
8596) 187
8597) 503/13640
8598) 25
8599) 29/57
8600) 2685'23801/47058
8601) 125
8602) 47'129/155
8603) 235
8604) 93
8605) 62
8606) 5989
8607) 22896
8608) 35836
8609) 2982'14/19
8610) 17/164
8611) 3237
8612) 129'23/28
8613) 59'13/30
8614) 112
8615) 49'17/25
8616) 69'37/95
8617) 123'173/770
8618) 23
8619) 42
8620) 75'5/17
8621) 988'41/74
8622) 77'2/11
8623) 2316'928/1755
8624) 94'8/9
8625) 22/41
8626) 478095
8627) 5821
8628) 11
8629) 3208'19/60
8630) 841
8631) 2987'68/71
8632) 241'13/15
8633) 120693
8634) 33
8635) 87
8636) 43/80
8637) 8156
8638) 10/279
8639) 5488'56/89
8640) 2112'42/43
8641) 34
8642) 26
8643) 120156
8644) 1516'45/53
8645) 15/91
8646) 13386'6/13
8647) 130'82/97
8648) 18
8649) 187902
8650) 9/29
8651) 4210
8652) 160
8653) 169
8654) 78
8655) 145
8656) 10752
8657) 130
8658) 234
8659) 7/43
8660) 109
8661) 289725
8662) 10640
8663) 3
8664) 12299'33/1501
8665) 1849/2649
8666) 376
8667) 817/2070
8668) 3984
8669) 120
8670) 29'1601/4862
8671) 3024000
8672) 105
8673) 237'1987/4316
8674) 873
8675) 61/1480
8676) 11872
8677) 107
8678) 853
8679) 1233
8680) 36
8681) 30
8682) 14675'307/418
8683) 35'35/53
8684) 2668'17604/18245
8685) 83
8686) 98/169
8687) 60360
8688) 647400
8689) 89'37/97
8690) 746'1009/2720
8691) 4762'4/15
8692) 4735'19/49
8693) 59/63
8694) 126
8695) 136
8696) 770
8697) 146832
8698) 1279/1520
8699) 80'16/19
8700) 31'13312/16531
8701) 29'10217/12040
8702) 87
8703) 2736
8704) 47
8705) 208042'19/448
8706) 44'12509/285686
8707) 90
8708) 328719
8709) 2880
8710) 1784
8711) 31
8712) 461/682
8713) 105
8714) 48/1165
8715) 90'25/156
8716) 71'37/47
8717) 576
8718) 1664
8719) 17/26
8720) 2866'1/3
8721) 4841'137/776
8722) 9254'3/8
8723) 5005/5151
8724) 28/83
8725) 72
8726) 3616'361/558
8727) 6823'1429/2475
8728) 1'2799/4453
8729) 5'9/67
8730) 89/163
8731) 1833
8732) 216'221/270
8733) 144
8734) 8
8735) 34307
8736) 74
8737) 141
8738) 77'1797/2392
8739) 7614'6/7
8740) 621/751
8741) 40789'38/63
8742) 301'17/49
8743) 13'2091/26344
8744) 13'4/11
8745) 53/4698
8746) 4295
8747) 5032
8748) 55
8749) 74
8750) 965
8751) 2914
8752) 38
8753) 4983'13/53
8754) 1281
8755) 496'6/23
8756) 2112
8757) 1683
8758) 3654/5461
8759) 53
8760) 21
8761) 26'49/67
8762) 127
8763) 22
8764) 3767'10147/31837
8765) 126
8766) 38
8767) 64'29/42
8768) 71'12143/13232
8769) 3255'24/67
8770) 3774825'333/1235
8771) 21'15/19
8772) 5/468
8773) 103'19/48
8774) 237690
8775) 336
8776) 9100
8777) 2067'446/697
8778) 53
8779) 5/21
8780) 68/83
8781) 155
8782) 5376'8/13
8783) 167
8784) 54457
8785) 4224
8786) 2349
8787) 29/40
8788) 704/763
8789) 305
8790) 33
8791) 59553
8792) 3659'6/91
8793) 110
8794) 1/94
8795) 3364
8796) 14/391
8797) 6/31
8798) 66'7152/20075
8799) 3885
8800) 31
8801) 10'20/63
8802) 8192
8803) 131'16/33
8804) 38
8805) 1544
8806) 68
8807) 207948
8808) 130'15/16
8809) 1392
8810) 11/92
8811) 87
8812) 7024680/181150487
8813) 90
8814) 3726
8815) 339068
8816) 80/513
8817) 86'1721/2400
8818) 69'705/11242
8819) 403
8820) 1327'193/671
8821) 70
8822) 421/5829
8823) 4828'1/24
8824) 174'633/1360
8825) 17/1568
8826) 1856
8827) 127
8828) 152/605
8829) 1370
8830) 4198'314/315
8831) 1/29
8832) 48'5131/39006
8833) 133
8834) 40
8835) 15118094/52034625
8836) 121
8837) 35200
8838) 1649
8839) 5'19/37
8840) 65
8841) 2321
8842) 3821'3/28
8843) 13/28
8844) 59925'342115/578088
8845) 114629/144115
8846) 17/58
8847) 1/884
8848) 157/8554
8849) 69
8850) 912
8851) 12602
8852) 155
8853) 3/4
8854) 1'3/4
8855) 606624
8856) 730'10/13
8857) 3/29
8858) 105
8859) 141
8860) 1380'91/164
8861) 1476/17357
8862) 114026
8863) 4625
8864) 9'19/30
8865) 341'61/95
8866) 149
8867) 25'1/3
8868) 143'28/73
8869) 5150
8870) 28/69
8871) 66
8872) 58/83
8873) 3144'91/110
8874) 1538/3013
8875) 5713'976/1007
8876) 145
8877) 7920
8878) 3870
8879) 2373'4470829/5556030
8880) 232'89/260
8881) 2823
8882) 1763'47/65
8883) 53'17/35
8884) 89/374164
8885) 159'38/93
8886) 14
8887) 7'31/40
8888) 89
8889) 2556
8890) 806
8891) 6975
8892) 120'1181/1491
8893) 43
8894) 78'6/37
8895) 55'31/96
8896) 3040
8897) 1024432'1/2
8898) 10'27/1612
8899) 30
8900) 38
8901) 34'86/117
8902) 1131
8903) 158
8904) 62'6/7
8905) 42/61
8906) 61/145
8907) 2/17
8908) 4271'3227/3348
8909) 165
8910) 6204
8911) 10
8912) 35'15/26
8913) 2/5
8914) 6318
8915) 4579
8916) 1392
8917) 5638'1/2
8918) 5644'91/132
8919) 99
8920) 161
8921) 126936
8922) 76/91
8923) 5
8924) 916'21803/49036
8925) 3290
8926) 53'1/29
8927) 1712'2/33
8928) 53'27/43
8929) 56'49/67
8930) 36'3/7
8931) 117'10/11
8932) 162
8933) 132
8934) 50
8935) 10
8936) 14/31
8937) 51
8938) 59/85
8939) 35/174
8940) 3819
8941) 47/67
8942) 21/82
8943) 141
8944) 2841'7/24
8945) 129'7830827/12570195
8946) 9/25
8947) 16549/87729983
8948) 6055
8949) 2416512
8950) 40
8951) 938
8952) 98126'165/232
8953) 732
8954) 61/1148
8955) 53/69
8956) 39'1489/2482
8957) 103
8958) 966
8959) 51414
8960) 1450/27317
8961) 28
8962) 2460
8963) 92340
8964) 5/41
8965) 57'19/22
8966) 494/847
8967) 346'31/150
8968) 4775'31/68
8969) 47/3045
8970) 44'47/50
8971) 1160
8972) 85'16/19
8973) 91
8974) 3828
8975) 47'4/7
8976) 182573
8977) 2735'473/14560
8978) 1323
8979) 5
8980) 101'5143/10912
8981) 8915
8982) 133222400/1957541211
8983) 2772
8984) 22
8985) 12
8986) 2616'2/3
8987) 101
8988) 193
8989) 69'25/36
8990) 3556'262/481
8991) 666/2035957
8992) 59
8993) 4598'22/85
8994) 94'3/46
8995) 3534
8996) 95694'26/41
8997) 4
8998) 131'3/32
8999) 63
9000) 84'1/77
9001) 55/5382
9002) 71
9003) 1212'6521/14931
9004) 538
9005) 66
9006) 1984
9007) 7'37/96
9008) 621
9009) 35350/64629
9010) 41
9011) 97'196/285
9012) 185
9013) 86
9014) 2008
9015) 127'865/2856
9016) 1135809/2890921
9017) 968
9018) 5000
9019) 27'17/25
9020) 40
9021) 2973/3385
9022) 275024'13/35
9023) 737
9024) 1833/1348039
9025) 46
9026) 108
9027) 348
9028) 12
9029) 35
9030) 4/9
9031) 97
9032) 1866'5543/6816
9033) 10
9034) 1238'52/87
9035) 149
9036) 135360
9037) 71136
9038) 7/68
9039) 2800
9040) 5088'53/132
9041) 6'7/10
9042) 19/297
9043) 392
9044) 2527
9045) 284062/312993
9046) 141
9047) 4683'2/79
9048) 1924
9049) 20
9050) 152'25/49
9051) 8/697
9052) 76216'2/3
9053) 116
9054) 2/5
9055) 7189'7/39
9056) 149400
9057) 222
9058) 435'7/31
9059) 99
9060) 650/779
9061) 170147'172/779
9062) 1398'43/51
9063) 465
9064) 3420
9065) 1232
9066) 22/63
9067) 1783'51/59
9068) 119
9069) 76/125
9070) 97
9071) 104
9072) 79
9073) 2/11
9074) 12'29/1410
9075) 3990
9076) 70'37/61
9077) 37
9078) 120
9079) 3096'5/31
9080) 10284'32/33
9081) 85'4/7
9082) 4425
9083) 2215/4116
9084) 923
9085) 189924/5143295
9086) 134'8/69
9087) 2822
9088) 3/199
9089) 108'1/3
9090) 1196'53/315
9091) 657'151/312
9092) 12325
9093) 290'41257/41832
9094) 24480
9095) 96'51/70
9096) 551/1191
9097) 25/27
9098) 1323
9099) 200640
9100) 159
9101) 534'50/59
9102) 90
9103) 1'23/77
9104) 71818747/96544355
9105) 3657'11824/98735
9106) 171
9107) 143
9108) 6014
9109) 156
9110) 11/52
9111) 935
9112) 43
9113) 57'1/27
9114) 1643/238680
9115) 16
9116) 33
9117) 41'11/13
9118) 82'48/59
9119) 57
9120) 501
9121) 134
9122) 33'510/841
9123) 35'5/11
9124) 5360
9125) 1631'1/4
9126) 41/44
9127) 448
9128) 130
9129) 11325'90908/282583
9130) 1157/4653
9131) 252399
9132) 238'53/70
9133) 605'559/616
9134) 1440
9135) 192
9136) 3159'127/759
9137) 111
9138) 5913
9139) 489'35/88
9140) 1933/74100
9141) 6160
9142) 165
9143) 12/13
9144) 24'47/91
9145) 10495/25714
9146) 194076/6992857
9147) 110
9148) 8008'4/5
9149) 142'1333/2070
9150) 19/63
9151) 76'41/79
9152) 176'7081/30736
9153) 15552
9154) 400
9155) 2349
9156) 1624
9157) 44
9158) 709/95744
9159) 2748'85/159
9160) 100854
9161) 245
9162) 3010'7/11
9163) 9/98
9164) 1716
9165) 7799
9166) 1974
9167) 2962'22/37
9168) 55438/200070507
9169) 36652
9170) 4465
9171) 114087
9172) 113
9173) 85'49/94
9174) 36
9175) 3776
9176) 138
9177) 31'320/1167
9178) 77190
9179) 10
9180) 4988
9181) 170'649/2880
9182) 50
9183) 2443'25/48
9184) 30/49
9185) 34/37
9186) 24816
9187) 22
9188) 1189
9189) 1275
9190) 126
9191) 25/69
9192) 186
9193) 2110'1/4
9194) 67'116/159
9195) 1860
9196) 166'1808/2145
9197) 157
9198) 807
9199) 1860
9200) 5832
9201) 104
9202) 183'44/115
9203) 48
9204) 57'66/161
9205) 57
9206) 825
9207) 910
9208) 6/11
9209) 228113'2/71
9210) 1845'573039/584560
9211) 160'34/71
9212) 942'51/98
9213) 68
9214) 126'31/34
9215) 7226
9216) 44352
9217) 123'3/5
9218) 2641
9219) 132969'1/7
9220) 61'211075885/248460492
9221) 25'5/19
9222) 89
9223) 1507'41/46
9224) 47
9225) 79'66/79
9226) 74'4/7
9227) 8619
9228) 2075
9229) 21602'17/54
9230) 72'142981/223776
9231) 329966
9232) 135
9233) 5141
9234) 55'177/308
9235) 34
9236) 31/55
9237) 145
9238) 964103/11513780
9239) 4599/124211
9240) 64'7/12
9241) 69/97
9242) 52567'3/11
9243) 83
9244) 558
9245) 5/207
9246) 17'25/98
9247) 55/174
9248) 2463'141/481
9249) 82'283226689/1018785600
9250) 6642
9251) 2396
9252) 3464'55/1216
9253) 22080
9254) 107'74/99
9255) 2814'9677/24521
9256) 188
9257) 31/1587
9258) 15
9259) 128790
9260) 5/14
9261) 3283
9262) 91
9263) 28
9264) 2146
9265) 198/2989
9266) 3903'1/5
9267) 1674
9268) 19'149/208
9269) 4108
9270) 2885'2/5
9271) 2298240
9272) 34/121
9273) 169
9274) 3699
9275) 6725
9276) 22644/64825
9277) 45'14/27
9278) 3173'4819/5865
9279) 14/3363
9280) 2729
9281) 11695'14/15
9282) 2298'1433/3053
9283) 3386
9284) 9490
9285) 3233/16224
9286) 7515
9287) 88
9288) 3722400
9289) 78'7/8
9290) 39'3772/4743
9291) 138
9292) 1754
9293) 6'36/47
9294) 3/47
9295) 246
9296) 12136
9297) 8755'28/65
9298) 25837'2/13
9299) 79'18/23
9300) 241
9301) 3887/16694400
9302) 54'10/11
9303) 70
9304) 183'77/82
9305) 11050'1378/1845
9306) 87/324271
9307) 81'14/61
9308) 79'33/49
9309) 81'19/96
9310) 280
9311) 903
9312) 36
9313) 205
9314) 253/646
9315) 7018'2/3
9316) 255
9317) 110
9318) 49/76
9319) 5476'941/2378
9320) 67
9321) 11662
9322) 1199'2/43
9323) 1122
9324) 190
9325) 8961'4/21
9326) 758/3525
9327) 1525/6762
9328) 2194'12/67
9329) 4285
9330) 52
9331) 1142'24538/31093
9332) 6100
9333) 3/8
9334) 23'71/79
9335) 2875'13/53
9336) 87
9337) 7920
9338) 123
9339) 99
9340) 769'13/33
9341) 80
9342) 56595/76322
9343) 2352
9344) 1137312
9345) 241'293/615
9346) 3033'60/83
9347) 252
9348) 31/379
9349) 2108
9350) 1040
9351) 8514
9352) 626'1/2
9353) 16'4/5
9354) 4071/4526
9355) 39200
9356) 502
9357) 94'4495/23392
9358) 6262
9359) 10/19
9360) 8217
9361) 46422'12416/95139
9362) 14/137
9363) 5
9364) 1176
9365) 12855'5/32
9366) 16'15728/28267
9367) 2079
9368) 425
9369) 1482
9370) 185
9371) 9'46/93
9372) 6003
9373) 235/8008
9374) 888'2/21
9375) 111
9376) 974'7/29
9377) 52
9378) 1577'7/19
9379) 87584
9380) 153
9381) 2232'22/57
9382) 24869124
9383) 195
9384) 1837
9385) 55/104
9386) 39'6465259/6618699
9387) 84'9/14
9388) 136'25/27
9389) 5
9390) 2842
9391) 75'3/4
9392) 399
9393) 7176
9394) 2893'33/95
9395) 68'5/54
9396) 2112'12/59
9397) 95'15385/115884
9398) 121
9399) 770
9400) 4466/207421
9401) 88'18/53
9402) 27'11/13
9403) 3425/3872
9404) 652
9405) 16
9406) 14977'11/13
9407) 1010'11/15
9408) 4879/5220
9409) 4431
9410) 1722'163/350
9411) 91
9412) 28'21/23
9413) 28
9414) 9'167/287
9415) 42
9416) 4221
9417) 176'278/455
9418) 68
9419) 144
9420) 39
9421) 148'79/407
9422) 370'1/44
9423) 35'14204/44613
9424) 11/76
9425) 94/97
9426) 1651
9427) 46900
9428) 27/34
9429) 1419'47/78
9430) 12'60/73
9431) 13/53
9432) 6893'133/204
9433) 7587'43/95
9434) 113'244/869
9435) 96'286/343
9436) 254/1175
9437) 74
9438) 66/3613
9439) 62
9440) 2944
9441) 21
9442) 81
9443) 53'32/37
9444) 86
9445) 3554895'67/150
9446) 12
9447) 175
9448) 74
9449) 83'2/3
9450) 40020
9451) 4766
9452) 1/3
9453) 1700160
9454) 143
9455) 2448
9456) 2591'2/19
9457) 38'8/23
9458) 546
9459) 3520
9460) 1092
9461) 286
9462) 147'19/26
9463) 213'2045/4346
9464) 3916'1/7
9465) 20
9466) 120320
9467) 7216
9468) 189/788
9469) 6384
9470) 32
9471) 49'10/19
9472) 11'2/5
9473) 40
9474) 48'121/190
9475) 90'7/46
9476) 2419
9477) 1350
9478) 35/71
9479) 1945/4056
9480) 100
9481) 403/556500
9482) 1/2220
9483) 104
9484) 35'1/26
9485) 44'89/94
9486) 5423
9487) 2196'69/133
9488) 2187
9489) 5096
9490) 3113/18819
9491) 56/107
9492) 89
9493) 27/46
9494) 54'104575/186934
9495) 118'3/7
9496) 4928
9497) 35'73/74
9498) 55'2786/17765
9499) 3301650/3417437
9500) 34
9501) 5373'21/23
9502) 23/75
9503) 163'261851/306240
9504) 49/8100
9505) 8710
9506) 323/69498
9507) 17
9508) 19
9509) 3/7
9510) 5704
9511) 3
9512) 41/62
9513) 17/270
9514) 2403
9515) 5580
9516) 41'51/104
9517) 97'239/442
9518) 93'40/141
9519) 60
9520) 176
9521) 36
9522) 82
9523) 11/35
9524) 120'2/25
9525) 88
9526) 20/59
9527) 20292
9528) 9471'7/8
9529) 100
9530) 89'31/43
9531) 98'50/73
9532) 2775
9533) 1002'4/11
9534) 86'29/35
9535) 1045/5823
9536) 9291/138368
9537) 2750
9538) 29/66
9539) 94/99
9540) 183'1/31
9541) 42314
9542) 535040
9543) 5467
9544) 60
9545) 19872/3859207
9546) 12/17
9547) 28/51
9548) 180
9549) 372'785/897
9550) 1'4/53
9551) 242'4/95
9552) 427
9553) 32381'59/121
9554) 184
9555) 93'19/22
9556) 1323
9557) 75'7/11
9558) 99
9559) 3746
9560) 221588
9561) 105'11/13
9562) 8/249
9563) 102102
9564) 48'5/8
9565) 472
9566) 2581
9567) 51'7/20
9568) 203552
9569) 5251/68700
9570) 38'2/7
9571) 150'7/10
9572) 10/161
9573) 3194'3/5
9574) 2706'1445/2279
9575) 90'6/7
9576) 88'1/2
9577) 151
9578) 2924
9579) 89
9580) 8
9581) 9913'1/830
9582) 119/1338
9583) 6048
9584) 16/53
9585) 85'11/34
9586) 86'2088/3139
9587) 132
9588) 39
9589) 200'6497/27972
9590) 5595
9591) 101
9592) 67'1407127/2005920
9593) 2945'1/4
9594) 15'71/91
9595) 9212
9596) 486/539
9597) 9404/1557549
9598) 8
9599) 4770'1/3
9600) 1584
9601) 3281640
9602) 3358/4675
9603) 1'83/1056
9604) 5530
9605) 32
9606) 75/88
9607) 820'11/53
9608) 135
9609) 63336
9610) 1804
9611) 84/9215
9612) 2
9613) 2272
9614) 8/49
9615) 50440
9616) 4'37/1872
9617) 95
9618) 317515/511581
9619) 80/481
9620) 752
9621) 3744
9622) 43/371
9623) 6249'27/32
9624) 19'15/17
9625) 119'39/44
9626) 913
9627) 299635'214/693
9628) 3/896
9629) 30'41/188
9630) 1836'20/93
9631) 424
9632) 1280
9633) 3008
9634) 95'30851/64368
9635) 1669'731/1092
9636) 137
9637) 106'35/38
9638) 819
9639) 172
9640) 32
9641) 7971'181/532
9642) 3903'9/62
9643) 1667
9644) 37/80
9645) 1978'145891/320256
9646) 18'90/409
9647) 73/486
9648) 579
9649) 4'43/4888
9650) 2/3
9651) 7/18
9652) 2384
9653) 69'39/47
9654) 45
9655) 105
9656) 80
9657) 89
9658) 4179
9659) 3393
9660) 10'30/67
9661) 310500
9662) 12
9663) 319
9664) 47
9665) 134
9666) 9912'7/100
9667) 7863'3/55
9668) 1918'1/8
9669) 116737/123648
9670) 44
9671) 135
9672) 924
9673) 6939/14326
9674) 1/3780
9675) 53/96
9676) 5/294
9677) 11250
9678) 133
9679) 3789
9680) 155
9681) 23131'319/765
9682) 2044
9683) 348'1681/3922
9684) 8
9685) 1717'5/28
9686) 1651200
9687) 1/52
9688) 467'18797/32480
9689) 2992'285/679
9690) 52/101
9691) 138
9692) 23'29/69
9693) 49
9694) 106
9695) 103
9696) 96
9697) 13/250
9698) 33'1/6
9699) 162
9700) 62'4/5
9701) 130500
9702) 15'15/19
9703) 676/2385
9704) 298285/17070174
9705) 2737/6066
9706) 177
9707) 2'12873/176576
9708) 47
9709) 138'1/7
9710) 2879
9711) 19/2009
9712) 26'559/638
9713) 930
9714) 4
9715) 2565
9716) 163'1/2
9717) 412'7/17
9718) 2632/323579
9719) 65828'581/848
9720) 66
9721) 5035
9722) 3010
9723) 6421'19/56
9724) 869
9725) 15/31
9726) 35'35/64
9727) 84'1/14
9728) 144
9729) 6952
9730) 4545'31/77
9731) 1164'87/89
9732) 17/4050
9733) 119'14903/49036
9734) 3
9735) 24'32/35
9736) 95/173496
9737) 3070
9738) 122'19/30
9739) 77'5/8
9740) 69
9741) 1683'34/475
9742) 112'19/43
9743) 1149
9744) 136
9745) 36
9746) 4956
9747) 56
9748) 214
9749) 29/1178
9750) 51/74
9751) 573'3/13
9752) 170324'52/77
9753) 108
9754) 78'8/63
9755) 155142
9756) 1502'16/17
9757) 3720
9758) 541728
9759) 40765
9760) 98
9761) 4930128
9762) 3609'3717/8188
9763) 161'122/279
9764) 154/177
9765) 1729
9766) 78
9767) 3884'7/52
9768) 3536
9769) 1050
9770) 15/1066
9771) 71
9772) 27
9773) 16/2747
9774) 116264'2056/4489
9775) 56/143
9776) 64
9777) 49/325
9778) 904596
9779) 1530
9780) 13'243/484
9781) 58
9782) 323'3/5
9783) 115
9784) 525/1723
9785) 2871
9786) 1'19/20
9787) 2375'397/1577
9788) 69'57/74
9789) 85/94
9790) 18
9791) 288
9792) 14'29/94
9793) 331'29/45
9794) 87/98
9795) 33/85715
9796) 194
9797) 655
9798) 86/491
9799) 108
9800) 1/494
9801) 132
9802) 22'158/171
9803) 312314
9804) 1/16
9805) 6253
9806) 20302'1/3
9807) 4463
9808) 41/1160
9809) 23
9810) 2024'5789/5904
9811) 61'19/30
9812) 4'39/47
9813) 4088'2/17
9814) 166
9815) 4818
9816) 54
9817) 4032
9818) 4799
9819) 5'43/94
9820) 4000
9821) 0
9822) 454
9823) 26334
9824) 192
9825) 446'46/65
9826) 121'14/51
9827) 226
9828) 33'41/104
9829) 2538
9830) 1769'42/43
9831) 144480
9832) 103115
9833) 31560/119239
9834) 7467064/360092215
9835) 3393
9836) 5609
9837) 542
9838) 94
9839) 13
9840) 28'56/75
9841) 161'11/30
9842) 5434/150973
9843) 75'265173/785473
9844) 78'1559329/3647823
9845) 1017
9846) 182
9847) 110
9848) 103
9849) 2/33
9850) 2698
9851) 43/273
9852) 90
9853) 178
9854) 416
9855) 3954'16/41
9856) 3391'13/77
9857) 5/1078
9858) 124066
9859) 5724
9860) 4624
9861) 57
9862) 23/50
9863) 192
9864) 176824
9865) 48
9866) 77'43/49
9867) 34'57/61
9868) 135'11/16
9869) 1103/14620
9870) 117
9871) 2941'2/29
9872) 1/5
9873) 11/94
9874) 5872
9875) 5445
9876) 182
9877) 36
9878) 164'1/6
9879) 85
9880) 93'9/73
9881) 68
9882) 235
9883) 37'85/5208
9884) 7350
9885) 89'45/88
9886) 46'56/115
9887) 186
9888) 40338
9889) 2759
9890) 1'9/47
9891) 2744
9892) 8369'16/19
9893) 5
9894) 9/29
9895) 3'69/71
9896) 141
9897) 8190
9898) 1707'1/12
9899) 154
9900) 23/27
9901) 8'244/657
9902) 53'7/29
9903) 7607
9904) 2365'1/5
9905) 177'461/1230
9906) 1/2
9907) 3953'79/90
9908) 690
9909) 3922
9910) 2808
9911) 17/23
9912) 220667
9913) 82'1/5
9914) 2400
9915) 2720
9916) 245
9917) 85'4/5
9918) 226592
9919) 7/15
9920) 7084
9921) 58'11/30
9922) 151
9923) 86'1707/1900
9924) 278880
9925) 5655
9926) 11/131
9927) 37/1890
9928) 106
9929) 38
9930) 2046
9931) 96'1665/2951
9932) 175/4311
9933) 97/184
9934) 18368
9935) 90
9936) 133
9937) 95
9938) 152
9939) 71'7/36
9940) 168
9941) 2880
9942) 166
9943) 8/9
9944) 199
9945) 12/17
9946) 45115'69/85
9947) 58
9948) 175
9949) 234
9950) 97/146
9951) 91
9952) 23'13/17
9953) 89'47/71
9954) 1583/6630
9955) 4320'7/20
9956) 1071'2/3
9957) 3'480766/2108459
9958) 103'69/83
9959) 86
9960) 1/5
9961) 54'25/31
9962) 2118'6/25
9963) 3841
9964) 80703
9965) 48720
9966) 9639
9967) 3040
9968) 33
9969) 135/5467
9970) 560
9971) 2628
9972) 45540
9973) 41'1/4
9974) 253'61/219
9975) 6792
9976) 3080
9977) 23/70
9978) 6942'7/17
9979) 37/27720
9980) 94'25/27
9981) 145
9982) 130'19/20
9983) 4/107
9984) 25/4224
9985) 3649
9986) 1534/1853
9987) 670'39/95
9988) 25092
9989) 50
9990) 52
9991) 70'1/2
9992) 20'1/7
9993) 0
9994) 1539
9995) 11328
9996) 4427
9997) 3517'3247/8370
9998) 26'51807/80840
9999) 14
10000) 124
